# Blender 5.0.0
# www.blender.org
mtllib mer0126.mtl
o Text
v 3.702000 0.691000 0.000000
v 3.659446 0.660466 0.000000
v 3.620320 0.627977 0.000000
v 3.584672 0.593703 0.000000
v 3.552556 0.557815 0.000000
v 3.524023 0.520482 0.000000
v 3.499125 0.481875 0.000000
v 3.477915 0.442164 0.000000
v 3.460444 0.401519 0.000000
v 3.446765 0.360109 0.000000
v 3.436930 0.318107 0.000000
v 3.430991 0.275680 0.000000
v 3.429000 0.233000 0.000000
v 3.430827 0.197988 0.000000
v 3.436199 0.165074 0.000000
v 3.444953 0.134438 0.000000
v 3.456926 0.106259 0.000000
v 3.471954 0.080720 0.000000
v 3.489875 0.058000 0.000000
v 3.510525 0.038280 0.000000
v 3.533741 0.021741 0.000000
v 3.559359 0.008563 0.000000
v 3.587217 -0.001074 -0.000000
v 3.617152 -0.006988 -0.000000
v 3.649000 -0.009000 -0.000000
v 3.675852 -0.007106 -0.000000
v 3.701736 -0.001597 -0.000000
v 3.726391 0.007266 0.000000
v 3.749556 0.019222 0.000000
v 3.770971 0.034012 0.000000
v 3.790375 0.051375 0.000000
v 3.807509 0.071050 0.000000
v 3.822111 0.092778 0.000000
v 3.833922 0.116297 0.000000
v 3.842681 0.141347 0.000000
v 3.848127 0.167668 0.000000
v 3.850000 0.195000 0.000000
v 3.848323 0.222653 0.000000
v 3.843421 0.248977 0.000000
v 3.835484 0.273766 0.000000
v 3.824704 0.296815 0.000000
v 3.811270 0.317920 0.000000
v 3.795375 0.336875 0.000000
v 3.777209 0.353476 0.000000
v 3.756963 0.367518 0.000000
v 3.734828 0.378797 0.000000
v 3.710995 0.387106 0.000000
v 3.685656 0.392242 0.000000
v 3.659000 0.394000 0.000000
v 3.647957 0.393716 0.000000
v 3.637324 0.392898 0.000000
v 3.627094 0.391594 0.000000
v 3.617259 0.389852 0.000000
v 3.607814 0.387721 0.000000
v 3.598750 0.385250 0.000000
v 3.590061 0.382487 0.000000
v 3.581741 0.379482 0.000000
v 3.573781 0.376281 0.000000
v 3.566176 0.372935 0.000000
v 3.558918 0.369492 0.000000
v 3.552000 0.366000 0.000000
v 3.560161 0.389806 0.000000
v 3.570537 0.413616 0.000000
v 3.582969 0.437266 0.000000
v 3.597296 0.460593 0.000000
v 3.613360 0.483433 0.000000
v 3.631000 0.505625 0.000000
v 3.650057 0.527004 0.000000
v 3.670371 0.547407 0.000000
v 3.691782 0.566672 0.000000
v 3.714130 0.584634 0.000000
v 3.737256 0.601131 0.000000
v 3.761000 0.616000 0.000000
v 3.531000 0.265000 0.000000
v 3.541356 0.271590 0.000000
v 3.551014 0.277389 0.000000
v 3.560109 0.282438 0.000000
v 3.568778 0.286778 0.000000
v 3.577155 0.290451 0.000000
v 3.585375 0.293500 0.000000
v 3.593575 0.295965 0.000000
v 3.601889 0.297889 0.000000
v 3.610453 0.299313 0.000000
v 3.619403 0.300278 0.000000
v 3.628873 0.300826 0.000000
v 3.639000 0.301000 0.000000
v 3.654878 0.300080 0.000000
v 3.669940 0.297389 0.000000
v 3.684078 0.293031 0.000000
v 3.697185 0.287111 0.000000
v 3.709153 0.279733 0.000000
v 3.719875 0.271000 0.000000
v 3.729242 0.261017 0.000000
v 3.737148 0.249889 0.000000
v 3.743484 0.237719 0.000000
v 3.748143 0.224611 0.000000
v 3.751018 0.210670 0.000000
v 3.752000 0.196000 0.000000
v 3.751097 0.179722 0.000000
v 3.748440 0.164440 0.000000
v 3.744109 0.150234 0.000000
v 3.738185 0.137185 0.000000
v 3.730747 0.125372 0.000000
v 3.721875 0.114875 0.000000
v 3.711649 0.105774 0.000000
v 3.700148 0.098148 0.000000
v 3.687453 0.092078 0.000000
v 3.673643 0.087644 0.000000
v 3.658799 0.084924 0.000000
v 3.643000 0.084000 0.000000
v 3.625385 0.085422 0.000000
v 3.608246 0.089630 0.000000
v 3.591891 0.096531 0.000000
v 3.576630 0.106037 0.000000
v 3.562772 0.118057 0.000000
v 3.550625 0.132500 0.000000
v 3.540499 0.149277 0.000000
v 3.532704 0.168296 0.000000
v 3.527547 0.189469 0.000000
v 3.525338 0.212704 0.000000
v 3.526386 0.237911 0.000000
v 0.709000 0.682000 0.000000
v 0.618000 0.682000 0.000000
v 0.391000 0.402000 0.000000
v 0.165000 0.682000 0.000000
v 0.073000 0.682000 0.000000
v 0.073000 0.000000 0.000000
v 0.171000 0.000000 0.000000
v 0.171000 0.531000 0.000000
v 0.173000 0.531000 0.000000
v 0.383000 0.267000 0.000000
v 0.399000 0.267000 0.000000
v 0.609000 0.531000 0.000000
v 0.611000 0.531000 0.000000
v 0.611000 0.000000 0.000000
v 0.709000 0.000000 0.000000
v 1.243000 0.682000 0.000000
v 0.856000 0.682000 0.000000
v 0.856000 0.000000 0.000000
v 1.252000 0.000000 0.000000
v 1.252000 0.088000 0.000000
v 0.954000 0.088000 0.000000
v 0.951787 0.104241 0.000000
v 0.945953 0.118147 0.000000
v 0.937704 0.130498 0.000000
v 0.928249 0.142071 0.000000
v 0.918793 0.153644 0.000000
v 0.910545 0.165995 0.000000
v 0.904710 0.179902 0.000000
v 0.902497 0.196143 0.000000
v 0.905113 0.215495 0.000000
v 0.913764 0.238736 0.000000
v 0.929657 0.266646 0.000000
v 0.954000 0.300000 0.000000
v 1.233000 0.300000 0.000000
v 1.233000 0.388000 0.000000
v 0.954000 0.388000 0.000000
v 0.956213 0.403790 0.000000
v 0.962047 0.417326 0.000000
v 0.970296 0.429360 0.000000
v 0.979751 0.440644 0.000000
v 0.989207 0.451927 0.000000
v 0.997455 0.463961 0.000000
v 1.003290 0.477498 0.000000
v 1.005503 0.493287 0.000000
v 1.002887 0.512081 0.000000
v 0.994237 0.534631 0.000000
v 0.978343 0.561687 0.000000
v 0.954000 0.594000 0.000000
v 1.243000 0.594000 0.000000
v 1.358000 0.682000 0.000000
v 1.358000 0.000000 0.000000
v 1.456000 0.000000 0.000000
v 1.456000 0.296000 0.000000
v 1.497000 0.296000 0.000000
v 1.509346 0.295604 0.000000
v 1.521518 0.294167 0.000000
v 1.533719 0.291313 0.000000
v 1.546148 0.286667 0.000000
v 1.559008 0.279854 0.000000
v 1.572500 0.270500 0.000000
v 1.586825 0.258229 0.000000
v 1.602185 0.242667 0.000000
v 1.618781 0.223437 0.000000
v 1.636815 0.200167 0.000000
v 1.656487 0.172479 0.000000
v 1.678000 0.140000 0.000000
v 1.768000 0.000000 0.000000
v 1.885000 0.000000 0.000000
v 1.873847 0.015411 0.000000
v 1.863793 0.029298 0.000000
v 1.854694 0.041891 0.000000
v 1.846405 0.053420 0.000000
v 1.838782 0.064116 0.000000
v 1.831683 0.074209 0.000000
v 1.824962 0.083929 0.000000
v 1.818476 0.093507 0.000000
v 1.812081 0.103172 0.000000
v 1.805632 0.113156 0.000000
v 1.798987 0.123689 0.000000
v 1.792000 0.135000 0.000000
v 1.779270 0.155792 0.000000
v 1.766991 0.175667 0.000000
v 1.755031 0.194625 0.000000
v 1.743259 0.212667 0.000000
v 1.731543 0.229792 0.000000
v 1.719750 0.246000 0.000000
v 1.707749 0.261292 0.000000
v 1.695407 0.275667 0.000000
v 1.682594 0.289125 0.000000
v 1.669176 0.301667 0.000000
v 1.655022 0.313292 0.000000
v 1.640000 0.324000 0.000000
v 1.657578 0.331869 0.000000
v 1.673792 0.340954 0.000000
v 1.688609 0.351219 0.000000
v 1.702000 0.362630 0.000000
v 1.713932 0.375152 0.000000
v 1.724375 0.388750 0.000000
v 1.733297 0.403390 0.000000
v 1.740667 0.419037 0.000000
v 1.746453 0.435656 0.000000
v 1.750625 0.453213 0.000000
v 1.753151 0.471673 0.000000
v 1.754000 0.491000 0.000000
v 1.752228 0.519546 0.000000
v 1.746991 0.546120 0.000000
v 1.738406 0.570625 0.000000
v 1.726593 0.592963 0.000000
v 1.711668 0.613037 0.000000
v 1.693750 0.630750 0.000000
v 1.672957 0.646005 0.000000
v 1.649407 0.658704 0.000000
v 1.623219 0.668750 0.000000
v 1.594509 0.676046 0.000000
v 1.563397 0.680495 0.000000
v 1.530000 0.682000 0.000000
v 1.456000 0.598000 0.000000
v 1.544751 0.520746 0.000000
v 1.566816 0.521462 0.000000
v 1.585678 0.523283 0.000000
v 1.601586 0.525723 0.000000
v 1.614789 0.528293 0.000000
v 1.625537 0.530505 0.000000
v 1.634080 0.531872 0.000000
v 1.640667 0.531906 0.000000
v 1.645548 0.530118 0.000000
v 1.648972 0.526022 0.000000
v 1.651189 0.519129 0.000000
v 1.652449 0.508951 0.000000
v 1.653000 0.495000 0.000000
v 1.652579 0.480842 0.000000
v 1.650713 0.466986 0.000000
v 1.647250 0.453609 0.000000
v 1.642037 0.440889 0.000000
v 1.634921 0.429002 0.000000
v 1.625750 0.418125 0.000000
v 1.614371 0.408436 0.000000
v 1.600630 0.400111 0.000000
v 1.584375 0.393328 0.000000
v 1.565454 0.388264 0.000000
v 1.543713 0.385095 0.000000
v 1.519000 0.384000 0.000000
v 1.456000 0.384000 0.000000
v 2.355000 0.341000 0.000000
v 2.353192 0.392001 0.000000
v 2.347870 0.439843 0.000000
v 2.339187 0.484281 0.000000
v 2.327296 0.525074 0.000000
v 2.312350 0.561978 0.000000
v 2.294500 0.594750 0.000000
v 2.273901 0.623147 0.000000
v 2.250704 0.646926 0.000000
v 2.225063 0.665844 0.000000
v 2.197130 0.679658 0.000000
v 2.167058 0.688124 0.000000
v 2.135000 0.691000 0.000000
v 2.102942 0.688124 0.000000
v 2.072870 0.679657 0.000000
v 2.044938 0.665844 0.000000
v 2.019296 0.646926 0.000000
v 1.996100 0.623147 0.000000
v 1.975500 0.594750 0.000000
v 1.957651 0.561978 0.000000
v 1.942704 0.525074 0.000000
v 1.930812 0.484281 0.000000
v 1.922130 0.439843 0.000000
v 1.916808 0.392001 0.000000
v 1.915000 0.341000 0.000000
v 1.916808 0.289999 0.000000
v 1.922130 0.242157 0.000000
v 1.930812 0.197719 0.000000
v 1.942704 0.156926 0.000000
v 1.957651 0.120022 0.000000
v 1.975500 0.087250 0.000000
v 1.996100 0.058853 0.000000
v 2.019296 0.035074 0.000000
v 2.044938 0.016156 0.000000
v 2.072870 0.002343 0.000000
v 2.102942 -0.006124 -0.000000
v 2.135000 -0.009000 -0.000000
v 2.167058 -0.006124 -0.000000
v 2.197129 0.002343 0.000000
v 2.225062 0.016156 0.000000
v 2.250704 0.035074 0.000000
v 2.273900 0.058853 0.000000
v 2.294500 0.087250 0.000000
v 2.312349 0.120022 0.000000
v 2.327296 0.156926 0.000000
v 2.339187 0.197719 0.000000
v 2.347870 0.242157 0.000000
v 2.353192 0.289999 0.000000
v 2.257000 0.341000 0.000000
v 2.256051 0.302332 0.000000
v 2.253241 0.266407 0.000000
v 2.248625 0.233344 0.000000
v 2.242259 0.203259 0.000000
v 2.234199 0.176272 0.000000
v 2.224500 0.152500 0.000000
v 2.213217 0.132061 0.000000
v 2.200407 0.115074 0.000000
v 2.186125 0.101656 0.000000
v 2.170425 0.091926 0.000000
v 2.153365 0.086001 0.000000
v 2.135000 0.084000 0.000000
v 2.116634 0.086001 0.000000
v 2.099574 0.091926 0.000000
v 2.083875 0.101656 0.000000
v 2.069592 0.115074 0.000000
v 2.056782 0.132061 0.000000
v 2.045500 0.152500 0.000000
v 2.035801 0.176272 0.000000
v 2.027740 0.203259 0.000000
v 2.021375 0.233344 0.000000
v 2.016759 0.266407 0.000000
v 2.013949 0.302332 0.000000
v 2.013000 0.341000 0.000000
v 2.013949 0.379668 0.000000
v 2.016759 0.415593 0.000000
v 2.021375 0.448656 0.000000
v 2.027741 0.478741 0.000000
v 2.035801 0.505728 0.000000
v 2.045500 0.529500 0.000000
v 2.056783 0.549939 0.000000
v 2.069593 0.566926 0.000000
v 2.083875 0.580344 0.000000
v 2.099575 0.590074 0.000000
v 2.116635 0.595999 0.000000
v 2.135000 0.598000 0.000000
v 2.153366 0.595999 0.000000
v 2.170426 0.590074 0.000000
v 2.186125 0.580344 0.000000
v 2.200408 0.566926 0.000000
v 2.213218 0.549939 0.000000
v 2.224500 0.529500 0.000000
v 2.234199 0.505728 0.000000
v 2.242260 0.478741 0.000000
v 2.248625 0.448656 0.000000
v 2.253241 0.415593 0.000000
v 2.256051 0.379668 0.000000
v 2.685000 0.682000 0.000000
v 2.587000 0.682000 0.000000
v 2.587000 0.000000 0.000000
v 2.685000 0.000000 0.000000
v 3.351000 0.093000 0.000000
v 3.090000 0.093000 0.000000
v 3.126102 0.136478 0.000000
v 3.158481 0.176657 0.000000
v 3.187250 0.213906 0.000000
v 3.212518 0.248593 0.000000
v 3.234398 0.281085 0.000000
v 3.253000 0.311750 0.000000
v 3.268435 0.340957 0.000000
v 3.280815 0.369074 0.000000
v 3.290250 0.396469 0.000000
v 3.296852 0.423509 0.000000
v 3.300731 0.450564 0.000000
v 3.302000 0.478000 0.000000
v 3.300256 0.508660 0.000000
v 3.295134 0.537528 0.000000
v 3.286797 0.564438 0.000000
v 3.275407 0.589222 0.000000
v 3.261129 0.611715 0.000000
v 3.244125 0.631750 0.000000
v 3.224558 0.649160 0.000000
v 3.202593 0.663778 0.000000
v 3.178391 0.675438 0.000000
v 3.152116 0.683972 0.000000
v 3.123931 0.689215 0.000000
v 3.094000 0.691000 0.000000
v 3.080329 0.690561 0.000000
v 3.066796 0.689241 0.000000
v 3.053375 0.687031 0.000000
v 3.040037 0.683926 0.000000
v 3.026754 0.679918 0.000000
v 3.013500 0.675000 0.000000
v 3.000245 0.669166 0.000000
v 2.986963 0.662407 0.000000
v 2.973625 0.654719 0.000000
v 2.960204 0.646093 0.000000
v 2.946671 0.636522 0.000000
v 2.933000 0.626000 0.000000
v 2.933000 0.503000 0.000000
v 2.946648 0.519515 0.000000
v 2.960102 0.534120 0.000000
v 2.973375 0.546906 0.000000
v 2.986482 0.557963 0.000000
v 2.999435 0.567381 0.000000
v 3.012250 0.575250 0.000000
v 3.024940 0.581661 0.000000
v 3.037519 0.586704 0.000000
v 3.050000 0.590469 0.000000
v 3.062398 0.593046 0.000000
v 3.074727 0.594527 0.000000
v 3.087000 0.595000 0.000000
v 3.104390 0.594876 0.000000
v 3.122746 0.594351 0.000000
v 3.141594 0.593192 0.000000
v 3.160464 0.591166 0.000000
v 3.178882 0.588043 0.000000
v 3.196376 0.583589 0.000000
v 3.212475 0.577572 0.000000
v 3.226706 0.569761 0.000000
v 3.238596 0.559923 0.000000
v 3.247674 0.547826 0.000000
v 3.253467 0.533238 0.000000
v 3.255503 0.515928 0.000000
v 3.254159 0.501167 0.000000
v 3.250366 0.485510 0.000000
v 3.244479 0.469144 0.000000
v 3.236854 0.452258 0.000000
v 3.227847 0.435040 0.000000
v 3.217813 0.417677 0.000000
v 3.207110 0.400359 0.000000
v 3.196093 0.383272 0.000000
v 3.185117 0.366604 0.000000
v 3.174539 0.350544 0.000000
v 3.164715 0.335280 0.000000
v 3.156000 0.321000 0.000000
v 3.140585 0.295763 0.000000
v 3.123514 0.269685 0.000000
v 3.105047 0.242969 0.000000
v 3.085444 0.215815 0.000000
v 3.064967 0.188425 0.000000
v 3.043875 0.161000 0.000000
v 3.022429 0.133742 0.000000
v 3.000889 0.106852 0.000000
v 2.979516 0.080531 0.000000
v 2.958569 0.054981 0.000000
v 2.938311 0.030404 0.000000
v 2.919000 0.007000 0.000000
v 2.919000 0.000000 0.000000
v 3.351000 0.000000 0.000000
v 3.702000 0.691000 0.000000
v 3.659446 0.660466 0.000000
v 3.620320 0.627977 0.000000
v 3.584672 0.593703 0.000000
v 3.552556 0.557815 0.000000
v 3.524023 0.520482 0.000000
v 3.499125 0.481875 0.000000
v 3.477915 0.442164 0.000000
v 3.460444 0.401519 0.000000
v 3.446765 0.360109 0.000000
v 3.436930 0.318107 0.000000
v 3.430991 0.275680 0.000000
v 3.429000 0.233000 0.000000
v 3.430827 0.197988 0.000000
v 3.436199 0.165074 0.000000
v 3.444953 0.134438 0.000000
v 3.456926 0.106259 0.000000
v 3.471954 0.080720 0.000000
v 3.489875 0.058000 0.000000
v 3.510525 0.038280 0.000000
v 3.533741 0.021741 0.000000
v 3.559359 0.008563 0.000000
v 3.587217 -0.001074 -0.000000
v 3.617152 -0.006988 -0.000000
v 3.649000 -0.009000 -0.000000
v 3.675852 -0.007106 -0.000000
v 3.701736 -0.001597 -0.000000
v 3.726391 0.007266 0.000000
v 3.749556 0.019222 0.000000
v 3.770971 0.034012 0.000000
v 3.790375 0.051375 0.000000
v 3.807509 0.071050 0.000000
v 3.822111 0.092778 0.000000
v 3.833922 0.116297 0.000000
v 3.842681 0.141347 0.000000
v 3.848127 0.167668 0.000000
v 3.850000 0.195000 0.000000
v 3.848323 0.222653 0.000000
v 3.843421 0.248977 0.000000
v 3.835484 0.273766 0.000000
v 3.824704 0.296815 0.000000
v 3.811270 0.317920 0.000000
v 3.795375 0.336875 0.000000
v 3.777209 0.353476 0.000000
v 3.756963 0.367518 0.000000
v 3.734828 0.378797 0.000000
v 3.710995 0.387106 0.000000
v 3.685656 0.392242 0.000000
v 3.659000 0.394000 0.000000
v 3.647957 0.393716 0.000000
v 3.637324 0.392898 0.000000
v 3.627094 0.391594 0.000000
v 3.617259 0.389852 0.000000
v 3.607814 0.387721 0.000000
v 3.598750 0.385250 0.000000
v 3.590061 0.382487 0.000000
v 3.581741 0.379482 0.000000
v 3.573781 0.376281 0.000000
v 3.566176 0.372935 0.000000
v 3.558918 0.369492 0.000000
v 3.552000 0.366000 0.000000
v 3.560161 0.389806 0.000000
v 3.570537 0.413616 0.000000
v 3.582969 0.437266 0.000000
v 3.597296 0.460593 0.000000
v 3.613360 0.483433 0.000000
v 3.631000 0.505625 0.000000
v 3.650057 0.527004 0.000000
v 3.670371 0.547407 0.000000
v 3.691782 0.566672 0.000000
v 3.714130 0.584634 0.000000
v 3.737256 0.601131 0.000000
v 3.761000 0.616000 0.000000
v 3.531000 0.265000 0.000000
v 3.541356 0.271590 0.000000
v 3.551014 0.277389 0.000000
v 3.560109 0.282438 0.000000
v 3.568778 0.286778 0.000000
v 3.577155 0.290451 0.000000
v 3.585375 0.293500 0.000000
v 3.593575 0.295965 0.000000
v 3.601889 0.297889 0.000000
v 3.610453 0.299313 0.000000
v 3.619403 0.300278 0.000000
v 3.628873 0.300826 0.000000
v 3.639000 0.301000 0.000000
v 3.654878 0.300080 0.000000
v 3.669940 0.297389 0.000000
v 3.684078 0.293031 0.000000
v 3.697185 0.287111 0.000000
v 3.709153 0.279733 0.000000
v 3.719875 0.271000 0.000000
v 3.729242 0.261017 0.000000
v 3.737148 0.249889 0.000000
v 3.743484 0.237719 0.000000
v 3.748143 0.224611 0.000000
v 3.751018 0.210670 0.000000
v 3.752000 0.196000 0.000000
v 3.751097 0.179722 0.000000
v 3.748440 0.164440 0.000000
v 3.744109 0.150234 0.000000
v 3.738185 0.137185 0.000000
v 3.730747 0.125372 0.000000
v 3.721875 0.114875 0.000000
v 3.711649 0.105774 0.000000
v 3.700148 0.098148 0.000000
v 3.687453 0.092078 0.000000
v 3.673643 0.087644 0.000000
v 3.658799 0.084924 0.000000
v 3.643000 0.084000 0.000000
v 3.625385 0.085422 0.000000
v 3.608246 0.089630 0.000000
v 3.591891 0.096531 0.000000
v 3.576630 0.106037 0.000000
v 3.562772 0.118057 0.000000
v 3.550625 0.132500 0.000000
v 3.540499 0.149277 0.000000
v 3.532704 0.168296 0.000000
v 3.527547 0.189469 0.000000
v 3.525338 0.212704 0.000000
v 3.526386 0.237911 0.000000
v 0.709000 0.682000 0.000000
v 0.618000 0.682000 0.000000
v 0.391000 0.402000 0.000000
v 0.165000 0.682000 0.000000
v 0.073000 0.682000 0.000000
v 0.073000 0.000000 0.000000
v 0.171000 0.000000 0.000000
v 0.171000 0.531000 0.000000
v 0.173000 0.531000 0.000000
v 0.383000 0.267000 0.000000
v 0.399000 0.267000 0.000000
v 0.609000 0.531000 0.000000
v 0.611000 0.531000 0.000000
v 0.611000 0.000000 0.000000
v 0.709000 0.000000 0.000000
v 1.243000 0.682000 0.000000
v 0.856000 0.682000 0.000000
v 0.856000 0.000000 0.000000
v 1.252000 0.000000 0.000000
v 1.252000 0.088000 0.000000
v 0.954000 0.088000 0.000000
v 0.951787 0.104241 0.000000
v 0.945953 0.118147 0.000000
v 0.937704 0.130498 0.000000
v 0.928249 0.142071 0.000000
v 0.918793 0.153644 0.000000
v 0.910545 0.165995 0.000000
v 0.904710 0.179902 0.000000
v 0.902497 0.196143 0.000000
v 0.905113 0.215495 0.000000
v 0.913764 0.238736 0.000000
v 0.929657 0.266646 0.000000
v 0.954000 0.300000 0.000000
v 1.233000 0.300000 0.000000
v 1.233000 0.388000 0.000000
v 0.954000 0.388000 0.000000
v 0.956213 0.403790 0.000000
v 0.962047 0.417326 0.000000
v 0.970296 0.429360 0.000000
v 0.979751 0.440644 0.000000
v 0.989207 0.451927 0.000000
v 0.997455 0.463961 0.000000
v 1.003290 0.477498 0.000000
v 1.005503 0.493287 0.000000
v 1.002887 0.512081 0.000000
v 0.994237 0.534631 0.000000
v 0.978343 0.561687 0.000000
v 0.954000 0.594000 0.000000
v 1.243000 0.594000 0.000000
v 1.358000 0.682000 0.000000
v 1.358000 0.000000 0.000000
v 1.456000 0.000000 0.000000
v 1.456000 0.296000 0.000000
v 1.497000 0.296000 0.000000
v 1.509346 0.295604 0.000000
v 1.521518 0.294167 0.000000
v 1.533719 0.291313 0.000000
v 1.546148 0.286667 0.000000
v 1.559008 0.279854 0.000000
v 1.572500 0.270500 0.000000
v 1.586825 0.258229 0.000000
v 1.602185 0.242667 0.000000
v 1.618781 0.223437 0.000000
v 1.636815 0.200167 0.000000
v 1.656487 0.172479 0.000000
v 1.678000 0.140000 0.000000
v 1.768000 0.000000 0.000000
v 1.885000 0.000000 0.000000
v 1.873847 0.015411 0.000000
v 1.863793 0.029298 0.000000
v 1.854694 0.041891 0.000000
v 1.846405 0.053420 0.000000
v 1.838782 0.064116 0.000000
v 1.831683 0.074209 0.000000
v 1.824962 0.083929 0.000000
v 1.818476 0.093507 0.000000
v 1.812081 0.103172 0.000000
v 1.805632 0.113156 0.000000
v 1.798987 0.123689 0.000000
v 1.792000 0.135000 0.000000
v 1.779270 0.155792 0.000000
v 1.766991 0.175667 0.000000
v 1.755031 0.194625 0.000000
v 1.743259 0.212667 0.000000
v 1.731543 0.229792 0.000000
v 1.719750 0.246000 0.000000
v 1.707749 0.261292 0.000000
v 1.695407 0.275667 0.000000
v 1.682594 0.289125 0.000000
v 1.669176 0.301667 0.000000
v 1.655022 0.313292 0.000000
v 1.640000 0.324000 0.000000
v 1.657578 0.331869 0.000000
v 1.673792 0.340954 0.000000
v 1.688609 0.351219 0.000000
v 1.702000 0.362630 0.000000
v 1.713932 0.375152 0.000000
v 1.724375 0.388750 0.000000
v 1.733297 0.403390 0.000000
v 1.740667 0.419037 0.000000
v 1.746453 0.435656 0.000000
v 1.750625 0.453213 0.000000
v 1.753151 0.471673 0.000000
v 1.754000 0.491000 0.000000
v 1.752228 0.519546 0.000000
v 1.746991 0.546120 0.000000
v 1.738406 0.570625 0.000000
v 1.726593 0.592963 0.000000
v 1.711668 0.613037 0.000000
v 1.693750 0.630750 0.000000
v 1.672957 0.646005 0.000000
v 1.649407 0.658704 0.000000
v 1.623219 0.668750 0.000000
v 1.594509 0.676046 0.000000
v 1.563397 0.680495 0.000000
v 1.530000 0.682000 0.000000
v 1.456000 0.598000 0.000000
v 1.544751 0.520746 0.000000
v 1.566816 0.521462 0.000000
v 1.585678 0.523283 0.000000
v 1.601586 0.525723 0.000000
v 1.614789 0.528293 0.000000
v 1.625537 0.530505 0.000000
v 1.634080 0.531872 0.000000
v 1.640667 0.531906 0.000000
v 1.645548 0.530118 0.000000
v 1.648972 0.526022 0.000000
v 1.651189 0.519129 0.000000
v 1.652449 0.508951 0.000000
v 1.653000 0.495000 0.000000
v 1.652579 0.480842 0.000000
v 1.650713 0.466986 0.000000
v 1.647250 0.453609 0.000000
v 1.642037 0.440889 0.000000
v 1.634921 0.429002 0.000000
v 1.625750 0.418125 0.000000
v 1.614371 0.408436 0.000000
v 1.600630 0.400111 0.000000
v 1.584375 0.393328 0.000000
v 1.565454 0.388264 0.000000
v 1.543713 0.385095 0.000000
v 1.519000 0.384000 0.000000
v 1.456000 0.384000 0.000000
v 2.355000 0.341000 0.000000
v 2.353192 0.392001 0.000000
v 2.347870 0.439843 0.000000
v 2.339187 0.484281 0.000000
v 2.327296 0.525074 0.000000
v 2.312350 0.561978 0.000000
v 2.294500 0.594750 0.000000
v 2.273901 0.623147 0.000000
v 2.250704 0.646926 0.000000
v 2.225063 0.665844 0.000000
v 2.197130 0.679658 0.000000
v 2.167058 0.688124 0.000000
v 2.135000 0.691000 0.000000
v 2.102942 0.688124 0.000000
v 2.072870 0.679657 0.000000
v 2.044938 0.665844 0.000000
v 2.019296 0.646926 0.000000
v 1.996100 0.623147 0.000000
v 1.975500 0.594750 0.000000
v 1.957651 0.561978 0.000000
v 1.942704 0.525074 0.000000
v 1.930812 0.484281 0.000000
v 1.922130 0.439843 0.000000
v 1.916808 0.392001 0.000000
v 1.915000 0.341000 0.000000
v 1.916808 0.289999 0.000000
v 1.922130 0.242157 0.000000
v 1.930812 0.197719 0.000000
v 1.942704 0.156926 0.000000
v 1.957651 0.120022 0.000000
v 1.975500 0.087250 0.000000
v 1.996100 0.058853 0.000000
v 2.019296 0.035074 0.000000
v 2.044938 0.016156 0.000000
v 2.072870 0.002343 0.000000
v 2.102942 -0.006124 -0.000000
v 2.135000 -0.009000 -0.000000
v 2.167058 -0.006124 -0.000000
v 2.197129 0.002343 0.000000
v 2.225062 0.016156 0.000000
v 2.250704 0.035074 0.000000
v 2.273900 0.058853 0.000000
v 2.294500 0.087250 0.000000
v 2.312349 0.120022 0.000000
v 2.327296 0.156926 0.000000
v 2.339187 0.197719 0.000000
v 2.347870 0.242157 0.000000
v 2.353192 0.289999 0.000000
v 2.257000 0.341000 0.000000
v 2.256051 0.302332 0.000000
v 2.253241 0.266407 0.000000
v 2.248625 0.233344 0.000000
v 2.242259 0.203259 0.000000
v 2.234199 0.176272 0.000000
v 2.224500 0.152500 0.000000
v 2.213217 0.132061 0.000000
v 2.200407 0.115074 0.000000
v 2.186125 0.101656 0.000000
v 2.170425 0.091926 0.000000
v 2.153365 0.086001 0.000000
v 2.135000 0.084000 0.000000
v 2.116634 0.086001 0.000000
v 2.099574 0.091926 0.000000
v 2.083875 0.101656 0.000000
v 2.069592 0.115074 0.000000
v 2.056782 0.132061 0.000000
v 2.045500 0.152500 0.000000
v 2.035801 0.176272 0.000000
v 2.027740 0.203259 0.000000
v 2.021375 0.233344 0.000000
v 2.016759 0.266407 0.000000
v 2.013949 0.302332 0.000000
v 2.013000 0.341000 0.000000
v 2.013949 0.379668 0.000000
v 2.016759 0.415593 0.000000
v 2.021375 0.448656 0.000000
v 2.027741 0.478741 0.000000
v 2.035801 0.505728 0.000000
v 2.045500 0.529500 0.000000
v 2.056783 0.549939 0.000000
v 2.069593 0.566926 0.000000
v 2.083875 0.580344 0.000000
v 2.099575 0.590074 0.000000
v 2.116635 0.595999 0.000000
v 2.135000 0.598000 0.000000
v 2.153366 0.595999 0.000000
v 2.170426 0.590074 0.000000
v 2.186125 0.580344 0.000000
v 2.200408 0.566926 0.000000
v 2.213218 0.549939 0.000000
v 2.224500 0.529500 0.000000
v 2.234199 0.505728 0.000000
v 2.242260 0.478741 0.000000
v 2.248625 0.448656 0.000000
v 2.253241 0.415593 0.000000
v 2.256051 0.379668 0.000000
v 2.685000 0.682000 0.000000
v 2.587000 0.682000 0.000000
v 2.587000 0.000000 0.000000
v 2.685000 0.000000 0.000000
v 3.351000 0.093000 0.000000
v 3.090000 0.093000 0.000000
v 3.126102 0.136478 0.000000
v 3.158481 0.176657 0.000000
v 3.187250 0.213906 0.000000
v 3.212518 0.248593 0.000000
v 3.234398 0.281085 0.000000
v 3.253000 0.311750 0.000000
v 3.268435 0.340957 0.000000
v 3.280815 0.369074 0.000000
v 3.290250 0.396469 0.000000
v 3.296852 0.423509 0.000000
v 3.300731 0.450564 0.000000
v 3.302000 0.478000 0.000000
v 3.300256 0.508660 0.000000
v 3.295134 0.537528 0.000000
v 3.286797 0.564438 0.000000
v 3.275407 0.589222 0.000000
v 3.261129 0.611715 0.000000
v 3.244125 0.631750 0.000000
v 3.224558 0.649160 0.000000
v 3.202593 0.663778 0.000000
v 3.178391 0.675438 0.000000
v 3.152116 0.683972 0.000000
v 3.123931 0.689215 0.000000
v 3.094000 0.691000 0.000000
v 3.080329 0.690561 0.000000
v 3.066796 0.689241 0.000000
v 3.053375 0.687031 0.000000
v 3.040037 0.683926 0.000000
v 3.026754 0.679918 0.000000
v 3.013500 0.675000 0.000000
v 3.000245 0.669166 0.000000
v 2.986963 0.662407 0.000000
v 2.973625 0.654719 0.000000
v 2.960204 0.646093 0.000000
v 2.946671 0.636522 0.000000
v 2.933000 0.626000 0.000000
v 2.933000 0.503000 0.000000
v 2.946648 0.519515 0.000000
v 2.960102 0.534120 0.000000
v 2.973375 0.546906 0.000000
v 2.986482 0.557963 0.000000
v 2.999435 0.567381 0.000000
v 3.012250 0.575250 0.000000
v 3.024940 0.581661 0.000000
v 3.037519 0.586704 0.000000
v 3.050000 0.590469 0.000000
v 3.062398 0.593046 0.000000
v 3.074727 0.594527 0.000000
v 3.087000 0.595000 0.000000
v 3.104390 0.594876 0.000000
v 3.122746 0.594351 0.000000
v 3.141594 0.593192 0.000000
v 3.160464 0.591166 0.000000
v 3.178882 0.588043 0.000000
v 3.196376 0.583589 0.000000
v 3.212475 0.577572 0.000000
v 3.226706 0.569761 0.000000
v 3.238596 0.559923 0.000000
v 3.247674 0.547826 0.000000
v 3.253467 0.533238 0.000000
v 3.255503 0.515928 0.000000
v 3.254159 0.501167 0.000000
v 3.250366 0.485510 0.000000
v 3.244479 0.469144 0.000000
v 3.236854 0.452258 0.000000
v 3.227847 0.435040 0.000000
v 3.217813 0.417677 0.000000
v 3.207110 0.400359 0.000000
v 3.196093 0.383272 0.000000
v 3.185117 0.366604 0.000000
v 3.174539 0.350544 0.000000
v 3.164715 0.335280 0.000000
v 3.156000 0.321000 0.000000
v 3.140585 0.295763 0.000000
v 3.123514 0.269685 0.000000
v 3.105047 0.242969 0.000000
v 3.085444 0.215815 0.000000
v 3.064967 0.188425 0.000000
v 3.043875 0.161000 0.000000
v 3.022429 0.133742 0.000000
v 3.000889 0.106852 0.000000
v 2.979516 0.080531 0.000000
v 2.958569 0.054981 0.000000
v 2.938311 0.030404 0.000000
v 2.919000 0.007000 0.000000
v 2.919000 0.000000 0.000000
v 3.351000 0.000000 0.000000
v 3.702000 0.691000 0.390764
v 3.659446 0.660466 0.390764
v 3.620320 0.627977 0.390764
v 3.584672 0.593703 0.390764
v 3.552556 0.557815 0.390764
v 3.524023 0.520482 0.390764
v 3.499125 0.481875 0.390764
v 3.477915 0.442164 0.390764
v 3.460444 0.401518 0.390764
v 3.446765 0.360109 0.390764
v 3.436930 0.318106 0.390764
v 3.430991 0.275680 0.390764
v 3.429000 0.233000 0.390764
v 3.430827 0.197988 0.390764
v 3.436199 0.165074 0.390764
v 3.444953 0.134437 0.390764
v 3.456926 0.106259 0.390764
v 3.471954 0.080720 0.390764
v 3.489875 0.058000 0.390764
v 3.510525 0.038280 0.390764
v 3.533741 0.021741 0.390764
v 3.559359 0.008563 0.390764
v 3.587217 -0.001074 0.390764
v 3.617152 -0.006988 0.390764
v 3.649000 -0.009000 0.390764
v 3.675852 -0.007106 0.390764
v 3.701736 -0.001597 0.390764
v 3.726391 0.007266 0.390764
v 3.749556 0.019222 0.390764
v 3.770971 0.034012 0.390764
v 3.790375 0.051375 0.390764
v 3.807509 0.071050 0.390764
v 3.822111 0.092778 0.390764
v 3.833922 0.116297 0.390764
v 3.842681 0.141347 0.390764
v 3.848127 0.167668 0.390764
v 3.850000 0.195000 0.390764
v 3.848323 0.222653 0.390764
v 3.843421 0.248977 0.390764
v 3.835484 0.273766 0.390764
v 3.824704 0.296815 0.390764
v 3.811270 0.317920 0.390764
v 3.795375 0.336875 0.390764
v 3.777209 0.353476 0.390764
v 3.756963 0.367518 0.390764
v 3.734828 0.378797 0.390764
v 3.710995 0.387106 0.390764
v 3.685656 0.392242 0.390764
v 3.659000 0.394000 0.390764
v 3.647957 0.393716 0.390764
v 3.637324 0.392898 0.390764
v 3.627094 0.391594 0.390764
v 3.617259 0.389852 0.390764
v 3.607814 0.387721 0.390764
v 3.598750 0.385250 0.390764
v 3.590061 0.382487 0.390764
v 3.581741 0.379482 0.390764
v 3.573781 0.376281 0.390764
v 3.566176 0.372935 0.390764
v 3.558918 0.369492 0.390764
v 3.552000 0.366000 0.390764
v 3.560161 0.389806 0.390764
v 3.570537 0.413616 0.390764
v 3.582969 0.437266 0.390764
v 3.597296 0.460593 0.390764
v 3.613360 0.483433 0.390764
v 3.631000 0.505625 0.390764
v 3.650057 0.527004 0.390764
v 3.670371 0.547407 0.390764
v 3.691782 0.566672 0.390764
v 3.714130 0.584634 0.390764
v 3.737256 0.601131 0.390764
v 3.761000 0.616000 0.390764
v 3.531000 0.265000 0.390764
v 3.541356 0.271590 0.390764
v 3.551014 0.277389 0.390764
v 3.560109 0.282437 0.390764
v 3.568778 0.286778 0.390764
v 3.577155 0.290451 0.390764
v 3.585375 0.293500 0.390764
v 3.593575 0.295965 0.390764
v 3.601889 0.297889 0.390764
v 3.610453 0.299313 0.390764
v 3.619403 0.300278 0.390764
v 3.628873 0.300826 0.390764
v 3.639000 0.301000 0.390764
v 3.654878 0.300080 0.390764
v 3.669940 0.297389 0.390764
v 3.684078 0.293031 0.390764
v 3.697185 0.287111 0.390764
v 3.709153 0.279733 0.390764
v 3.719875 0.271000 0.390764
v 3.729242 0.261017 0.390764
v 3.737148 0.249889 0.390764
v 3.743484 0.237719 0.390764
v 3.748143 0.224611 0.390764
v 3.751018 0.210670 0.390764
v 3.752000 0.196000 0.390764
v 3.751097 0.179722 0.390764
v 3.748440 0.164440 0.390764
v 3.744109 0.150234 0.390764
v 3.738185 0.137185 0.390764
v 3.730747 0.125372 0.390764
v 3.721875 0.114875 0.390764
v 3.711649 0.105774 0.390764
v 3.700148 0.098148 0.390764
v 3.687453 0.092078 0.390764
v 3.673643 0.087644 0.390764
v 3.658799 0.084924 0.390764
v 3.643000 0.084000 0.390764
v 3.625385 0.085422 0.390764
v 3.608246 0.089630 0.390764
v 3.591891 0.096531 0.390764
v 3.576630 0.106037 0.390764
v 3.562772 0.118057 0.390764
v 3.550625 0.132500 0.390764
v 3.540499 0.149277 0.390764
v 3.532704 0.168296 0.390764
v 3.527547 0.189469 0.390764
v 3.525338 0.212704 0.390764
v 3.526386 0.237911 0.390764
v 0.709000 0.682000 0.390764
v 0.618000 0.682000 0.390764
v 0.391000 0.402000 0.390764
v 0.165000 0.682000 0.390764
v 0.073000 0.682000 0.390764
v 0.073000 -0.000000 0.390764
v 0.171000 -0.000000 0.390764
v 0.171000 0.531000 0.390764
v 0.173000 0.531000 0.390764
v 0.383000 0.267000 0.390764
v 0.399000 0.267000 0.390764
v 0.609000 0.531000 0.390764
v 0.611000 0.531000 0.390764
v 0.611000 -0.000000 0.390764
v 0.709000 -0.000000 0.390764
v 1.243000 0.682000 0.390764
v 0.856000 0.682000 0.390764
v 0.856000 -0.000000 0.390764
v 1.252000 -0.000000 0.390764
v 1.252000 0.088000 0.390764
v 0.954000 0.088000 0.390764
v 0.951787 0.104240 0.390764
v 0.945953 0.118147 0.390764
v 0.937704 0.130498 0.390764
v 0.928249 0.142071 0.390764
v 0.918793 0.153644 0.390764
v 0.910545 0.165995 0.390764
v 0.904710 0.179902 0.390764
v 0.902497 0.196143 0.390764
v 0.905113 0.215495 0.390764
v 0.913764 0.238736 0.390764
v 0.929657 0.266646 0.390764
v 0.954000 0.300000 0.390764
v 1.233000 0.300000 0.390764
v 1.233000 0.388000 0.390764
v 0.954000 0.388000 0.390764
v 0.956213 0.403790 0.390764
v 0.962047 0.417326 0.390764
v 0.970296 0.429360 0.390764
v 0.979751 0.440644 0.390764
v 0.989207 0.451927 0.390764
v 0.997455 0.463961 0.390764
v 1.003290 0.477498 0.390764
v 1.005503 0.493287 0.390764
v 1.002887 0.512081 0.390764
v 0.994237 0.534631 0.390764
v 0.978343 0.561687 0.390764
v 0.954000 0.594000 0.390764
v 1.243000 0.594000 0.390764
v 1.358000 0.682000 0.390764
v 1.358000 -0.000000 0.390764
v 1.456000 -0.000000 0.390764
v 1.456000 0.296000 0.390764
v 1.497000 0.296000 0.390764
v 1.509346 0.295604 0.390764
v 1.521518 0.294167 0.390764
v 1.533719 0.291312 0.390764
v 1.546148 0.286667 0.390764
v 1.559008 0.279854 0.390764
v 1.572500 0.270500 0.390764
v 1.586825 0.258229 0.390764
v 1.602185 0.242667 0.390764
v 1.618781 0.223437 0.390764
v 1.636815 0.200167 0.390764
v 1.656487 0.172479 0.390764
v 1.678000 0.140000 0.390764
v 1.768000 -0.000000 0.390764
v 1.885000 -0.000000 0.390764
v 1.873847 0.015411 0.390764
v 1.863793 0.029298 0.390764
v 1.854694 0.041891 0.390764
v 1.846405 0.053420 0.390764
v 1.838782 0.064116 0.390764
v 1.831683 0.074209 0.390764
v 1.824962 0.083929 0.390764
v 1.818476 0.093507 0.390764
v 1.812081 0.103172 0.390764
v 1.805632 0.113156 0.390764
v 1.798987 0.123689 0.390764
v 1.792000 0.135000 0.390764
v 1.779270 0.155792 0.390764
v 1.766991 0.175667 0.390764
v 1.755031 0.194625 0.390764
v 1.743259 0.212667 0.390764
v 1.731543 0.229792 0.390764
v 1.719750 0.246000 0.390764
v 1.707749 0.261292 0.390764
v 1.695407 0.275667 0.390764
v 1.682594 0.289125 0.390764
v 1.669176 0.301667 0.390764
v 1.655022 0.313292 0.390764
v 1.640000 0.324000 0.390764
v 1.657578 0.331869 0.390764
v 1.673792 0.340954 0.390764
v 1.688609 0.351219 0.390764
v 1.702000 0.362630 0.390764
v 1.713932 0.375152 0.390764
v 1.724375 0.388750 0.390764
v 1.733297 0.403390 0.390764
v 1.740667 0.419037 0.390764
v 1.746453 0.435656 0.390764
v 1.750625 0.453213 0.390764
v 1.753151 0.471672 0.390764
v 1.754000 0.491000 0.390764
v 1.752228 0.519546 0.390764
v 1.746991 0.546120 0.390764
v 1.738406 0.570625 0.390764
v 1.726593 0.592963 0.390764
v 1.711668 0.613037 0.390764
v 1.693750 0.630750 0.390764
v 1.672957 0.646005 0.390764
v 1.649407 0.658704 0.390764
v 1.623219 0.668750 0.390764
v 1.594509 0.676046 0.390764
v 1.563397 0.680495 0.390764
v 1.530000 0.682000 0.390764
v 1.456000 0.598000 0.390764
v 1.544751 0.520746 0.390764
v 1.566816 0.521462 0.390764
v 1.585678 0.523283 0.390764
v 1.601586 0.525723 0.390764
v 1.614789 0.528293 0.390764
v 1.625537 0.530505 0.390764
v 1.634080 0.531872 0.390764
v 1.640667 0.531906 0.390764
v 1.645548 0.530118 0.390764
v 1.648972 0.526022 0.390764
v 1.651189 0.519129 0.390764
v 1.652449 0.508951 0.390764
v 1.653000 0.495000 0.390764
v 1.652579 0.480842 0.390764
v 1.650713 0.466986 0.390764
v 1.647250 0.453609 0.390764
v 1.642037 0.440889 0.390764
v 1.634921 0.429002 0.390764
v 1.625750 0.418125 0.390764
v 1.614371 0.408436 0.390764
v 1.600630 0.400111 0.390764
v 1.584375 0.393328 0.390764
v 1.565454 0.388264 0.390764
v 1.543713 0.385095 0.390764
v 1.519000 0.384000 0.390764
v 1.456000 0.384000 0.390764
v 2.355000 0.341000 0.390764
v 2.353192 0.392001 0.390764
v 2.347870 0.439843 0.390764
v 2.339187 0.484281 0.390764
v 2.327296 0.525074 0.390764
v 2.312350 0.561978 0.390764
v 2.294500 0.594750 0.390764
v 2.273901 0.623147 0.390764
v 2.250704 0.646926 0.390764
v 2.225063 0.665844 0.390764
v 2.197130 0.679658 0.390764
v 2.167058 0.688124 0.390764
v 2.135000 0.691000 0.390764
v 2.102942 0.688124 0.390764
v 2.072870 0.679657 0.390764
v 2.044938 0.665844 0.390764
v 2.019296 0.646926 0.390764
v 1.996100 0.623147 0.390764
v 1.975500 0.594750 0.390764
v 1.957651 0.561978 0.390764
v 1.942704 0.525074 0.390764
v 1.930812 0.484281 0.390764
v 1.922130 0.439843 0.390764
v 1.916808 0.392001 0.390764
v 1.915000 0.341000 0.390764
v 1.916808 0.289999 0.390764
v 1.922130 0.242157 0.390764
v 1.930812 0.197719 0.390764
v 1.942704 0.156926 0.390764
v 1.957651 0.120022 0.390764
v 1.975500 0.087250 0.390764
v 1.996100 0.058853 0.390764
v 2.019296 0.035074 0.390764
v 2.044938 0.016156 0.390764
v 2.072870 0.002343 0.390764
v 2.102942 -0.006124 0.390764
v 2.135000 -0.009000 0.390764
v 2.167058 -0.006124 0.390764
v 2.197129 0.002343 0.390764
v 2.225062 0.016156 0.390764
v 2.250704 0.035074 0.390764
v 2.273900 0.058853 0.390764
v 2.294500 0.087250 0.390764
v 2.312349 0.120022 0.390764
v 2.327296 0.156926 0.390764
v 2.339187 0.197719 0.390764
v 2.347870 0.242157 0.390764
v 2.353192 0.289999 0.390764
v 2.257000 0.341000 0.390764
v 2.256051 0.302332 0.390764
v 2.253241 0.266407 0.390764
v 2.248625 0.233344 0.390764
v 2.242259 0.203259 0.390764
v 2.234199 0.176272 0.390764
v 2.224500 0.152500 0.390764
v 2.213217 0.132061 0.390764
v 2.200407 0.115074 0.390764
v 2.186125 0.101656 0.390764
v 2.170425 0.091926 0.390764
v 2.153365 0.086001 0.390764
v 2.135000 0.084000 0.390764
v 2.116634 0.086001 0.390764
v 2.099574 0.091926 0.390764
v 2.083875 0.101656 0.390764
v 2.069592 0.115074 0.390764
v 2.056782 0.132061 0.390764
v 2.045500 0.152500 0.390764
v 2.035801 0.176272 0.390764
v 2.027740 0.203259 0.390764
v 2.021375 0.233344 0.390764
v 2.016759 0.266407 0.390764
v 2.013949 0.302332 0.390764
v 2.013000 0.341000 0.390764
v 2.013949 0.379668 0.390764
v 2.016759 0.415593 0.390764
v 2.021375 0.448656 0.390764
v 2.027741 0.478741 0.390764
v 2.035801 0.505728 0.390764
v 2.045500 0.529500 0.390764
v 2.056783 0.549939 0.390764
v 2.069593 0.566926 0.390764
v 2.083875 0.580344 0.390764
v 2.099575 0.590074 0.390764
v 2.116635 0.595999 0.390764
v 2.135000 0.598000 0.390764
v 2.153366 0.595999 0.390764
v 2.170426 0.590074 0.390764
v 2.186125 0.580344 0.390764
v 2.200408 0.566926 0.390764
v 2.213218 0.549939 0.390764
v 2.224500 0.529500 0.390764
v 2.234199 0.505728 0.390764
v 2.242260 0.478741 0.390764
v 2.248625 0.448656 0.390764
v 2.253241 0.415593 0.390764
v 2.256051 0.379668 0.390764
v 2.685000 0.682000 0.390764
v 2.587000 0.682000 0.390764
v 2.587000 -0.000000 0.390764
v 2.685000 -0.000000 0.390764
v 3.351000 0.093000 0.390764
v 3.090000 0.093000 0.390764
v 3.126102 0.136478 0.390764
v 3.158481 0.176657 0.390764
v 3.187250 0.213906 0.390764
v 3.212518 0.248593 0.390764
v 3.234398 0.281085 0.390764
v 3.253000 0.311750 0.390764
v 3.268435 0.340957 0.390764
v 3.280815 0.369074 0.390764
v 3.290250 0.396469 0.390764
v 3.296852 0.423509 0.390764
v 3.300731 0.450564 0.390764
v 3.302000 0.478000 0.390764
v 3.300256 0.508660 0.390764
v 3.295134 0.537528 0.390764
v 3.286797 0.564438 0.390764
v 3.275407 0.589222 0.390764
v 3.261129 0.611715 0.390764
v 3.244125 0.631750 0.390764
v 3.224558 0.649160 0.390764
v 3.202593 0.663778 0.390764
v 3.178391 0.675438 0.390764
v 3.152116 0.683972 0.390764
v 3.123931 0.689215 0.390764
v 3.094000 0.691000 0.390764
v 3.080329 0.690561 0.390764
v 3.066796 0.689241 0.390764
v 3.053375 0.687031 0.390764
v 3.040037 0.683926 0.390764
v 3.026754 0.679918 0.390764
v 3.013500 0.675000 0.390764
v 3.000245 0.669166 0.390764
v 2.986963 0.662407 0.390764
v 2.973625 0.654719 0.390764
v 2.960204 0.646093 0.390764
v 2.946671 0.636522 0.390764
v 2.933000 0.626000 0.390764
v 2.933000 0.503000 0.390764
v 2.946648 0.519515 0.390764
v 2.960102 0.534120 0.390764
v 2.973375 0.546906 0.390764
v 2.986482 0.557963 0.390764
v 2.999435 0.567381 0.390764
v 3.012250 0.575250 0.390764
v 3.024940 0.581661 0.390764
v 3.037519 0.586704 0.390764
v 3.050000 0.590469 0.390764
v 3.062398 0.593046 0.390764
v 3.074727 0.594527 0.390764
v 3.087000 0.595000 0.390764
v 3.104390 0.594876 0.390764
v 3.122746 0.594351 0.390764
v 3.141594 0.593192 0.390764
v 3.160464 0.591166 0.390764
v 3.178882 0.588043 0.390764
v 3.196376 0.583589 0.390764
v 3.212475 0.577572 0.390764
v 3.226706 0.569761 0.390764
v 3.238596 0.559923 0.390764
v 3.247674 0.547826 0.390764
v 3.253467 0.533238 0.390764
v 3.255503 0.515928 0.390764
v 3.254159 0.501167 0.390764
v 3.250366 0.485509 0.390764
v 3.244479 0.469144 0.390764
v 3.236854 0.452258 0.390764
v 3.227847 0.435040 0.390764
v 3.217813 0.417677 0.390764
v 3.207110 0.400359 0.390764
v 3.196093 0.383271 0.390764
v 3.185117 0.366604 0.390764
v 3.174539 0.350544 0.390764
v 3.164715 0.335280 0.390764
v 3.156000 0.321000 0.390764
v 3.140585 0.295763 0.390764
v 3.123514 0.269685 0.390764
v 3.105047 0.242969 0.390764
v 3.085444 0.215815 0.390764
v 3.064967 0.188425 0.390764
v 3.043875 0.161000 0.390764
v 3.022429 0.133742 0.390764
v 3.000889 0.106852 0.390764
v 2.979516 0.080531 0.390764
v 2.958569 0.054981 0.390764
v 2.938311 0.030404 0.390764
v 2.919000 0.007000 0.390764
v 2.919000 -0.000000 0.390764
v 3.351000 -0.000000 0.390764
vn -0.0000 -0.0000 -1.0000
vn -0.0000 -0.0000 1.0000
vn 0.8316 0.5554 -0.0000
vn 0.3089 0.9511 -0.0000
vn -0.6315 -0.7754 -0.0000
vn 0.0658 0.9978 -0.0000
vn 0.0894 0.9960 -0.0000
vn 0.4853 -0.8743 -0.0000
vn 0.9221 0.3869 -0.0000
vn -0.0257 0.9997 -0.0000
vn -0.0894 0.9960 -0.0000
vn -0.2268 0.9740 -0.0000
vn 0.4477 -0.8942 -0.0000
vn 0.9908 0.1350 -0.0000
vn 0.8101 0.5863 -0.0000
vn 0.1829 0.9831 -0.0000
vn -0.9495 0.3137 -0.0000
vn -0.0000 -1.0000 -0.0000
vn 0.9167 -0.3995 -0.0000
vn 0.9910 -0.1339 -0.0000
vn 0.8100 0.5864 -0.0000
vn -0.5248 -0.8512 -0.0000
vn -0.1624 0.9867 -0.0000
vn 0.4016 -0.9158 -0.0000
vn 0.8852 -0.4653 -0.0000
vn 1.0000 -0.0000 -0.0000
vn 0.8105 0.5857 -0.0000
vn -0.0971 0.9953 -0.0000
vn -0.0000 1.0000 -0.0000
vn 0.8119 0.5837 -0.0000
vn 0.0595 0.9982 -0.0000
vn -0.4116 -0.9114 -0.0000
vn -0.9187 0.3949 -0.0000
vn 0.3477 -0.9376 -0.0000
vn 0.8521 -0.5234 -0.0000
vn 0.8144 0.5803 -0.0000
vn -0.0321 0.9995 -0.0000
vn 0.8078 -0.5895 -0.0000
vn 0.2879 -0.9577 -0.0000
vn 0.8179 0.5753 -0.0000
vn -0.8821 0.4711 -0.0000
vn 0.8690 -0.4949 -0.0000
vn 0.9058 0.4237 -0.0000
vn 0.8180 -0.5753 -0.0000
vn 0.8225 0.5687 -0.0000
vn 0.9372 -0.3488 -0.0000
vn -1.0000 -0.0000 -0.0000
vn 0.7828 -0.6223 -0.0000
vn 0.9903 -0.1388 -0.0000
vn 0.8280 0.5607 -0.0000
vn 0.0894 -0.9960 -0.0000
vn -0.2945 -0.9556 -0.0000
vn -0.0894 -0.9960 -0.0000
vn 0.2254 -0.9743 -0.0000
vn 0.8248 -0.5654 -0.0000
vn 0.8340 0.5518 -0.0000
vn 0.2710 -0.9626 -0.0000
vn -0.8404 0.5420 -0.0000
vn 0.7665 -0.6423 -0.0000
vn 0.1640 -0.9865 -0.0000
vn 0.7465 -0.6654 -0.0000
vn 0.8400 0.5425 -0.0000
vn -0.2710 -0.9626 -0.0000
vn 0.7087 -0.7055 -0.0000
vn 0.9183 -0.3958 -0.0000
vn 0.8457 0.5336 -0.0000
vn 0.4433 -0.8964 -0.0000
vn -0.1759 -0.9844 -0.0000
vn 0.8508 0.5255 -0.0000
vn -0.0579 -0.9983 -0.0000
vn -0.7945 0.6072 -0.0000
vn 0.8436 0.5370 -0.0000
vn -0.4433 -0.8964 -0.0000
vn 0.6689 -0.7434 -0.0000
vn 0.5937 -0.8047 -0.0000
vn -0.8412 -0.5408 -0.0000
vn 0.6265 -0.7794 -0.0000
vn 0.9905 0.1378 -0.0000
vn 0.8528 0.5222 -0.0000
vn -0.5937 -0.8047 -0.0000
vn 0.9337 0.3582 -0.0000
vn 0.7158 -0.6983 -0.0000
vn -0.7452 0.6669 -0.0000
vn -0.8337 -0.5522 -0.0000
vn 0.5807 -0.8141 -0.0000
vn 0.8507 0.5256 -0.0000
vn -0.7158 -0.6983 -0.0000
vn 0.5307 -0.8475 -0.0000
vn 0.8622 0.5065 -0.0000
vn 0.8458 0.5335 -0.0000
vn 0.1083 0.9941 -0.0000
vn -0.6931 0.7209 -0.0000
vn -0.8152 -0.5792 -0.0000
vn 0.8375 0.5465 -0.0000
vn -0.1083 0.9941 -0.0000
vn -0.6388 0.7693 -0.0000
vn 0.8094 -0.5872 -0.0000
vn 0.7860 0.6183 -0.0000
vn 0.7987 0.6017 -0.0000
vn -0.7904 -0.6125 -0.0000
vn -0.5830 0.8125 -0.0000
vn 0.8253 0.5647 -0.0000
vn -0.8095 -0.5872 -0.0000
vn 0.3281 0.9447 -0.0000
vn -0.7570 -0.6534 -0.0000
vn -0.7713 0.6364 -0.0000
vn 0.8086 0.5883 -0.0000
vn -0.3281 0.9447 -0.0000
vn 0.5268 0.8500 -0.0000
vn -0.7716 0.6360 -0.0000
vn -0.7117 -0.7025 -0.0000
vn -0.7733 0.6340 -0.0000
vn 0.7867 0.6174 -0.0000
vn -0.5268 0.8500 -0.0000
vn 0.6847 0.7288 -0.0000
vn 0.7826 -0.6225 -0.0000
vn -0.6505 -0.7595 -0.0000
vn 0.7587 0.6514 -0.0000
vn -0.6847 0.7288 -0.0000
vn -0.7826 -0.6225 -0.0000
vn 0.8782 -0.4783 -0.0000
vn -0.7763 0.6304 -0.0000
vn -0.5698 -0.8218 -0.0000
vn -0.7805 0.6252 -0.0000
vn -0.8782 -0.4783 -0.0000
vn 0.7694 -0.6388 -0.0000
vn -0.4681 -0.8837 -0.0000
vn 0.7984 0.6021 -0.0000
vn 0.7242 0.6895 -0.0000
vn -0.7859 0.6183 -0.0000
vn -0.7984 0.6021 -0.0000
vn 0.7786 -0.6275 -0.0000
vn -0.3501 -0.9367 -0.0000
vn 0.8755 0.4833 -0.0000
vn -0.2278 -0.9737 -0.0000
vn -0.7927 0.6096 -0.0000
vn -0.7768 0.6298 -0.0000
vn -0.8755 0.4833 -0.0000
vn 0.7914 -0.6113 -0.0000
vn 0.7782 0.6281 -0.0000
vn -0.1173 -0.9931 -0.0000
vn 0.9269 -0.3754 -0.0000
vn -0.8009 0.5988 -0.0000
vn 0.6829 0.7306 -0.0000
vn -0.9269 -0.3754 -0.0000
vn 0.9259 0.3778 -0.0000
vn -0.8108 0.5853 -0.0000
vn 0.8083 -0.5888 -0.0000
vn -0.0320 -0.9995 -0.0000
vn -0.9259 0.3778 -0.0000
vn 0.9600 -0.2799 -0.0000
vn -0.8226 0.5686 -0.0000
vn 0.6347 0.7728 -0.0000
vn 0.8295 -0.5586 -0.0000
vn 0.5805 0.8143 -0.0000
vn -0.9600 -0.2799 -0.0000
vn 0.9582 0.2862 -0.0000
vn -0.8367 0.5477 -0.0000
vn 0.4086 -0.9127 -0.0000
vn 0.8550 -0.5186 -0.0000
vn 0.4888 -0.8724 -0.0000
vn -0.9582 0.2862 -0.0000
vn 0.9783 0.2070 -0.0000
vn -0.8534 0.5213 -0.0000
vn 0.5695 -0.8220 -0.0000
vn 0.0704 -0.9975 -0.0000
vn -0.8536 0.5209 -0.0000
vn -0.0630 -0.9980 -0.0000
vn 0.6486 -0.7611 -0.0000
vn -0.9783 0.2070 -0.0000
vn 0.8841 -0.4672 -0.0000
vn 0.2082 -0.9781 -0.0000
vn 0.9814 -0.1918 -0.0000
vn 0.7239 -0.6899 -0.0000
vn -0.8409 0.5412 -0.0000
vn -0.1938 -0.9810 -0.0000
vn -0.9814 -0.1918 -0.0000
vn 0.3383 -0.9410 -0.0000
vn -0.8351 0.5501 -0.0000
vn -0.9904 0.1383 -0.0000
vn 0.9152 -0.4030 -0.0000
vn 0.9904 0.1383 -0.0000
vn -0.3269 -0.9451 -0.0000
vn 0.4587 -0.8886 -0.0000
vn 0.9939 -0.1106 -0.0000
vn -0.8352 0.5500 -0.0000
vn -0.0443 0.9990 -0.0000
vn 0.9455 -0.3256 -0.0000
vn -0.4574 -0.8892 -0.0000
vn -0.1442 0.9895 -0.0000
vn -0.9939 -0.1106 -0.0000
vn 0.5683 -0.8228 -0.0000
vn 0.7931 -0.6091 -0.0000
vn -0.8404 0.5419 -0.0000
vn -0.9970 0.0780 -0.0000
vn 0.9970 0.0780 -0.0000
vn -0.8507 0.5257 -0.0000
vn -0.5802 -0.8145 -0.0000
vn -0.2585 0.9660 -0.0000
vn 0.9715 -0.2372 -0.0000
vn 0.6668 -0.7452 -0.0000
vn 0.9994 -0.0354 -0.0000
vn -0.3851 0.9229 -0.0000
vn 0.8539 -0.5204 -0.0000
vn -0.8658 0.5003 -0.0000
vn -0.6906 -0.7232 -0.0000
vn -0.9997 0.0245 -0.0000
vn 0.9899 -0.1419 -0.0000
vn 0.7541 -0.6567 -0.0000
vn 0.9997 0.0245 -0.0000
vn -0.5182 0.8553 -0.0000
vn -0.8861 0.4635 -0.0000
vn -0.7852 -0.6193 -0.0000
vn -0.6483 0.7614 -0.0000
vn -0.9994 -0.0354 -0.0000
vn 0.9047 -0.4261 -0.0000
vn -0.9114 0.4116 -0.0000
vn -0.9997 -0.0245 -0.0000
vn 0.9989 -0.0462 -0.0000
vn -0.0584 0.9983 -0.0000
vn 0.9997 -0.0245 -0.0000
vn 0.0805 0.9968 -0.0000
vn -0.7645 0.6446 -0.0000
vn 0.9444 -0.3288 -0.0000
vn 0.9994 0.0354 -0.0000
vn -0.9410 0.3385 -0.0000
vn -0.1802 0.9836 -0.0000
vn -0.9719 0.2355 -0.0000
vn 0.2384 0.9712 -0.0000
vn -0.8580 0.5136 -0.0000
vn -0.9994 0.0354 -0.0000
vn 0.9984 0.0568 -0.0000
vn 0.9729 -0.2312 -0.0000
vn -0.9970 -0.0780 -0.0000
vn -0.3057 0.9521 -0.0000
vn 0.9970 -0.0780 -0.0000
vn -0.9959 0.0906 -0.0000
vn 0.8300 -0.5578 -0.0000
vn -0.9253 0.3792 -0.0000
vn 0.9939 0.1106 -0.0000
vn -0.9932 -0.1168 -0.0000
vn 0.3888 0.9213 -0.0000
vn -0.9681 0.2506 -0.0000
vn 0.9846 0.1747 -0.0000
vn 0.9908 -0.1356 -0.0000
vn -0.9939 0.1106 -0.0000
vn -0.4314 0.9022 -0.0000
vn -0.9294 -0.3691 -0.0000
vn -0.9911 0.1335 -0.0000
vn -0.9904 -0.1383 -0.0000
vn -0.5526 0.8334 -0.0000
vn 0.9990 -0.0439 -0.0000
vn 0.9904 -0.1383 -0.0000
vn -0.7998 -0.6002 -0.0000
vn 0.5287 0.8488 -0.0000
vn 0.9552 0.2960 -0.0000
vn -0.9996 0.0297 -0.0000
vn -0.9783 -0.2070 -0.0000
vn -0.8619 -0.5071 -0.0000
vn 0.9783 -0.2070 -0.0000
vn -0.6375 -0.7705 -0.0000
vn -0.9992 -0.0395 -0.0000
vn -0.6648 0.7470 -0.0000
vn 0.9814 0.1918 -0.0000
vn -0.4812 -0.8766 -0.0000
vn 0.8936 -0.4488 -0.0000
vn -0.9924 -0.1228 -0.0000
vn 0.9981 0.0620 -0.0000
vn 0.6552 0.7554 -0.0000
vn -0.9814 0.1918 -0.0000
vn 0.0961 -0.9954 -0.0000
vn -0.2467 -0.9691 -0.0000
vn 0.0324 -0.9995 -0.0000
vn -0.9582 -0.2862 -0.0000
vn 0.9087 0.4176 -0.0000
vn -0.7638 0.6455 -0.0000
vn 0.1516 -0.9884 -0.0000
vn 0.9582 -0.2862 -0.0000
vn 0.7653 0.6436 -0.0000
vn 0.9600 0.2799 -0.0000
vn -0.1672 -0.9859 -0.0000
vn -0.9520 -0.3062 -0.0000
vn -0.9204 -0.3911 -0.0000
vn 0.1911 -0.9816 -0.0000
vn -0.1067 -0.9943 -0.0000
vn -0.9600 0.2799 -0.0000
vn -0.8462 0.5328 -0.0000
vn -0.0614 -0.9981 -0.0000
vn 0.9440 -0.3301 -0.0000
vn -0.7673 -0.6413 -0.0000
vn -0.9259 -0.3778 -0.0000
vn 0.8443 0.5359 -0.0000
vn 0.2016 -0.9795 -0.0000
vn 0.9259 -0.3778 -0.0000
vn 0.8562 0.5167 -0.0000
vn 0.1580 -0.9874 -0.0000
vn -0.0286 -0.9996 -0.0000
vn -0.8755 -0.4833 -0.0000
vn -0.9106 0.4134 -0.0000
vn 0.8755 -0.4833 -0.0000
vn -0.0071 -1.0000 -0.0000
vn -0.3439 -0.9390 -0.0000
vn -0.9565 0.2916 -0.0000
vn 0.9811 0.1934 -0.0000
vn 0.9269 0.3754 -0.0000
vn 0.0385 -0.9993 -0.0000
vn -0.9615 -0.2747 -0.0000
vn 0.0171 -0.9999 -0.0000
vn 0.9793 -0.2026 -0.0000
vn 0.0051 -1.0000 -0.0000
vn -0.9269 0.3754 -0.0000
vn 0.1192 -0.9929 -0.0000
vn 0.0578 -0.9983 -0.0000
vn 0.9253 0.3793 -0.0000
vn -0.7984 -0.6021 -0.0000
vn 0.2035 -0.9791 -0.0000
vn 0.9438 0.3306 -0.0000
vn 0.7984 -0.6021 -0.0000
vn 0.1072 -0.9942 -0.0000
vn 0.2888 -0.9574 -0.0000
vn -0.9852 0.1713 -0.0000
vn 0.8840 0.4675 -0.0000
vn 0.9716 0.2366 -0.0000
vn -0.6847 -0.7288 -0.0000
vn 0.3721 -0.9282 -0.0000
vn -0.9903 0.1386 -0.0000
vn 0.6847 -0.7288 -0.0000
vn 0.9977 -0.0684 -0.0000
vn 0.7663 0.6425 -0.0000
vn -0.6566 -0.7543 -0.0000
vn 0.4509 -0.8926 -0.0000
vn 0.6746 0.7382 -0.0000
vn -0.5268 -0.8500 -0.0000
vn 0.5233 -0.8522 -0.0000
vn -0.9985 0.0554 -0.0000
vn 0.8025 0.5966 -0.0000
vn 0.5268 -0.8500 -0.0000
vn 0.5880 -0.8088 -0.0000
vn -0.9869 -0.1611 -0.0000
vn -0.9737 0.2280 -0.0000
vn 0.7030 0.7112 -0.0000
vn 0.8782 0.4783 -0.0000
vn 0.6448 -0.7643 -0.0000
vn -0.9978 -0.0668 -0.0000
vn 0.5699 0.8217 -0.0000
vn 0.5915 0.8063 -0.0000
vn 0.9955 0.0946 -0.0000
vn -0.8782 0.4783 -0.0000
vn 0.6938 -0.7202 -0.0000
vn 0.4746 0.8802 -0.0000
vn 0.9982 0.0605 -0.0000
vn -0.4506 0.8927 -0.0000
vn -0.3281 -0.9447 -0.0000
vn 0.7355 -0.6775 -0.0000
vn 0.3582 0.9337 -0.0000
vn 0.3281 -0.9447 -0.0000
vn -0.4286 0.9035 -0.0000
vn 0.7708 -0.6370 -0.0000
vn -0.9794 -0.2019 -0.0000
vn 0.2463 0.9692 -0.0000
vn -0.4027 0.9153 -0.0000
vn -0.1083 -0.9941 -0.0000
vn 0.7624 0.6471 -0.0000
vn -0.9986 -0.0521 -0.0000
vn 0.4540 0.8910 -0.0000
vn 0.1416 0.9899 -0.0000
vn 0.1083 -0.9941 -0.0000
vn -0.9422 -0.3349 -0.0000
vn 0.0450 0.9990 -0.0000
vn 0.8095 0.5872 -0.0000
vn -0.6099 0.7925 -0.0000
vn 0.9991 -0.0415 -0.0000
vn -0.3730 0.9278 -0.0000
vn -0.5774 0.8164 -0.0000
vn 0.9831 0.1831 -0.0000
vn -0.3398 0.9405 -0.0000
vn 0.6647 0.7471 -0.0000
vn -0.3030 0.9530 -0.0000
vn -0.8095 0.5872 -0.0000
vn -0.8870 -0.4618 -0.0000
vn 0.3292 0.9443 -0.0000
vn 0.7158 0.6983 -0.0000
vn -0.5407 0.8412 -0.0000
vn -0.8152 -0.5791 -0.0000
vn -0.4994 0.8664 -0.0000
vn 0.9858 -0.1679 -0.0000
vn -0.2630 0.9648 -0.0000
vn -0.7158 0.6983 -0.0000
vn 0.5540 0.8325 -0.0000
vn 0.9460 -0.3243 -0.0000
vn -0.5937 0.8047 -0.0000
vn -0.7292 -0.6843 -0.0000
vn 0.5937 0.8047 -0.0000
vn -0.4535 0.8913 -0.0000
vn 0.5369 -0.8437 -0.0000
vn -0.2201 0.9755 -0.0000
vn -0.4029 0.9153 -0.0000
vn 0.9524 0.3049 -0.0000
vn -0.1744 0.9847 -0.0000
vn -0.4433 0.8964 -0.0000
vn 0.4340 0.9009 -0.0000
vn 0.1986 0.9801 -0.0000
vn 0.4433 0.8964 -0.0000
vn 0.7744 0.6327 -0.0000
vn -0.9989 0.0466 -0.0000
vn -0.0767 0.9971 -0.0000
vn -0.2889 0.9574 -0.0000
vn 0.2710 0.9626 -0.0000
vn -0.2710 0.9626 -0.0000
vn -0.1265 0.9920 -0.0000
vn 0.5147 -0.8573 -0.0000
vn -0.3479 0.9375 -0.0000
vt -0.142935 0.408322
vt -0.142935 0.588889
vt -0.118577 0.588889
vt -0.116988 0.548910
vt -0.116458 0.548910
vt -0.058741 0.514756
vt 0.001360 0.588889
vt 0.025453 0.588889
vt -0.001023 0.548910
vt -0.000493 0.548910
vt 0.025453 0.408322
vt -0.116988 0.408322
vt -0.060859 0.479013
vt -0.056623 0.479013
vt -0.000493 0.408322
vt 0.064373 0.408322
vt 0.064373 0.588889
vt 0.090319 0.565590
vt 0.166835 0.588889
vt 0.166835 0.565590
vt 0.096765 0.557035
vt 0.077376 0.465377
vt 0.090905 0.515230
vt 0.100972 0.549871
vt 0.092450 0.518814
vt 0.103263 0.543901
vt 0.103955 0.538925
vt 0.103369 0.534745
vt 0.094634 0.522000
vt 0.101825 0.531161
vt 0.097137 0.524987
vt 0.099641 0.527975
vt 0.090319 0.511049
vt 0.079666 0.471530
vt 0.083874 0.478919
vt 0.090319 0.487750
vt 0.164188 0.511049
vt 0.164188 0.487750
vt 0.076684 0.460253
vt 0.077269 0.455953
vt 0.078814 0.452271
vt 0.080998 0.449001
vt 0.083501 0.445937
vt 0.086005 0.442873
vt 0.088189 0.439603
vt 0.089734 0.435921
vt 0.090319 0.431621
vt 0.169218 0.431621
vt 0.169218 0.408322
vt 0.197283 0.408322
vt 0.197283 0.588889
vt 0.223229 0.566649
vt 0.242821 0.588889
vt 0.251664 0.588490
vt 0.259901 0.587313
vt 0.267502 0.585381
vt 0.274436 0.582721
vt 0.280671 0.579359
vt 0.286176 0.575320
vt 0.290920 0.570630
vt 0.294871 0.565315
vt 0.223229 0.509990
vt 0.246727 0.546195
vt 0.297999 0.559401
vt 0.300272 0.552913
vt 0.270378 0.549141
vt 0.272122 0.549150
vt 0.301659 0.545878
vt 0.273414 0.548677
vt 0.268116 0.548779
vt 0.265270 0.548193
vt 0.274320 0.547592
vt 0.261774 0.547513
vt 0.274907 0.545767
vt 0.257563 0.546867
vt 0.252569 0.546385
vt 0.302128 0.538320
vt 0.275241 0.543072
vt 0.275387 0.539379
vt 0.275275 0.535630
vt 0.301903 0.533202
vt 0.274781 0.531962
vt 0.301234 0.528315
vt 0.273865 0.528420
vt 0.272484 0.525052
vt 0.300130 0.523667
vt 0.270600 0.521905
vt 0.298598 0.519267
vt 0.268172 0.519025
vt 0.296646 0.515124
vt 0.265159 0.516460
vt 0.261521 0.514256
vt 0.294284 0.511248
vt 0.257218 0.512460
vt 0.252208 0.511119
vt 0.291519 0.507648
vt 0.246452 0.510280
vt 0.239909 0.509990
vt 0.223229 0.486691
vt 0.288360 0.504332
vt 0.284815 0.501311
vt 0.280892 0.498593
vt 0.276599 0.496188
vt 0.271945 0.494105
vt 0.275922 0.491269
vt 0.279670 0.488192
vt 0.234084 0.486691
vt 0.237353 0.486587
vt 0.283222 0.484871
vt 0.223229 0.408322
vt 0.240576 0.486206
vt 0.243806 0.485450
vt 0.247097 0.484220
vt 0.286615 0.481308
vt 0.250502 0.482417
vt 0.254074 0.479940
vt 0.289882 0.477502
vt 0.257866 0.476691
vt 0.293060 0.473453
vt 0.261933 0.472571
vt 0.296182 0.469162
vt 0.266327 0.467480
vt 0.299284 0.464628
vt 0.271102 0.461318
vt 0.302401 0.459851
vt 0.276310 0.453988
vt 0.305567 0.454832
vt 0.308818 0.449570
vt 0.282006 0.445389
vt 0.312189 0.444065
vt 0.305834 0.408322
vt 0.314038 0.441070
vt 0.315798 0.438282
vt 0.317505 0.435638
vt 0.319198 0.433079
vt 0.320916 0.430543
vt 0.322695 0.427970
vt 0.324575 0.425298
vt 0.326593 0.422466
vt 0.328787 0.419413
vt 0.331197 0.416079
vt 0.333859 0.412402
vt 0.336811 0.408322
vt 0.394514 0.590510
vt 0.403001 0.591272
vt 0.411489 0.590510
vt 0.419451 0.588269
vt 0.386552 0.588269
vt 0.426846 0.584611
vt 0.379157 0.584611
vt 0.433635 0.579603
vt 0.372368 0.579603
vt 0.366226 0.573307
vt 0.439777 0.573307
vt 0.360772 0.565789
vt 0.403001 0.566649
vt 0.445231 0.565789
vt 0.398139 0.566119
vt 0.407864 0.566119
vt 0.393622 0.564551
vt 0.412381 0.564551
vt 0.356046 0.557112
vt 0.449957 0.557112
vt 0.389466 0.561974
vt 0.416537 0.561974
vt 0.385684 0.558422
vt 0.420319 0.558422
vt 0.382293 0.553924
vt 0.423710 0.553924
vt 0.352089 0.547341
vt 0.453914 0.547341
vt 0.379305 0.548513
vt 0.426698 0.548513
vt 0.376738 0.542219
vt 0.429265 0.542219
vt 0.348941 0.536541
vt 0.457062 0.536541
vt 0.374604 0.535074
vt 0.431400 0.535074
vt 0.346642 0.524775
vt 0.459361 0.524775
vt 0.372918 0.527109
vt 0.433085 0.527109
vt 0.371696 0.518355
vt 0.434307 0.518355
vt 0.345233 0.512109
vt 0.460770 0.512109
vt 0.370952 0.508843
vt 0.435051 0.508843
vt 0.344754 0.498606
vt 0.461249 0.498606
vt 0.370701 0.498606
vt 0.435302 0.498606
vt 0.345233 0.485102
vt 0.370952 0.488368
vt 0.435051 0.488368
vt 0.460770 0.485102
vt 0.371696 0.478856
vt 0.434307 0.478856
vt 0.346642 0.472436
vt 0.459361 0.472436
vt 0.372918 0.470102
vt 0.433085 0.470102
vt 0.348941 0.460670
vt 0.457062 0.460670
vt 0.431399 0.462137
vt 0.374603 0.462137
vt 0.429265 0.454992
vt 0.376737 0.454992
vt 0.352089 0.449870
vt 0.453914 0.449870
vt 0.426697 0.448698
vt 0.379305 0.448698
vt 0.356046 0.440099
vt 0.449957 0.440099
vt 0.423710 0.443287
vt 0.382292 0.443287
vt 0.420319 0.438789
vt 0.385684 0.438789
vt 0.360772 0.431423
vt 0.445231 0.431423
vt 0.416537 0.435237
vt 0.389466 0.435237
vt 0.412381 0.432661
vt 0.393622 0.432661
vt 0.407864 0.431092
vt 0.398139 0.431092
vt 0.366226 0.423904
vt 0.439777 0.423904
vt 0.403001 0.430562
vt 0.372368 0.417608
vt 0.433635 0.417608
vt 0.379157 0.412600
vt 0.426846 0.412600
vt 0.386552 0.408942
vt 0.419451 0.408942
vt 0.394514 0.406701
vt 0.411489 0.406701
vt 0.403001 0.405939
vt 0.522673 0.408322
vt 0.522673 0.588889
vt 0.548620 0.588889
vt 0.548620 0.408322
vt 0.653287 0.591156
vt 0.656907 0.591272
vt 0.664831 0.590799
vt 0.649704 0.590806
vt 0.646151 0.590221
vt 0.672293 0.589411
vt 0.642619 0.589399
vt 0.679250 0.587151
vt 0.639103 0.588338
vt 0.635593 0.587036
vt 0.685658 0.584064
vt 0.632084 0.585491
vt 0.628567 0.583701
vt 0.691473 0.580194
vt 0.625036 0.581666
vt 0.621483 0.579382
vt 0.696654 0.575585
vt 0.617900 0.576848
vt 0.614280 0.574062
vt 0.701156 0.570280
vt 0.614280 0.541497
vt 0.617894 0.545869
vt 0.621456 0.549736
vt 0.624970 0.553121
vt 0.628440 0.556049
vt 0.631870 0.558542
vt 0.635263 0.560626
vt 0.638622 0.562323
vt 0.641953 0.563658
vt 0.645257 0.564655
vt 0.648540 0.565337
vt 0.651804 0.565729
vt 0.655053 0.565855
vt 0.659658 0.565822
vt 0.664517 0.565683
vt 0.704936 0.564325
vt 0.669508 0.565376
vt 0.674504 0.564840
vt 0.679380 0.564013
vt 0.707952 0.557763
vt 0.684012 0.562833
vt 0.688274 0.561240
vt 0.692042 0.559172
vt 0.695190 0.556568
vt 0.710159 0.550638
vt 0.697593 0.553365
vt 0.699127 0.549503
vt 0.711515 0.542995
vt 0.699666 0.544919
vt 0.699310 0.541011
vt 0.711977 0.534878
vt 0.698306 0.536866
vt 0.696747 0.532533
vt 0.711641 0.527614
vt 0.694729 0.528062
vt 0.692344 0.523504
vt 0.710614 0.520451
vt 0.689688 0.518907
vt 0.708866 0.513291
vt 0.686854 0.514321
vt 0.683937 0.509797
vt 0.706368 0.506038
vt 0.681031 0.505385
vt 0.703090 0.498594
vt 0.678230 0.501132
vt 0.675629 0.497091
vt 0.699004 0.490861
vt 0.673322 0.493310
vt 0.669241 0.486629
vt 0.694079 0.482742
vt 0.664721 0.479724
vt 0.688286 0.474140
vt 0.659831 0.472651
vt 0.681596 0.464956
vt 0.654642 0.465461
vt 0.649220 0.458210
vt 0.673979 0.455094
vt 0.643636 0.450949
vt 0.665406 0.444456
vt 0.637957 0.443732
vt 0.655848 0.432945
vt 0.632254 0.436612
vt 0.626596 0.429644
vt 0.724950 0.432945
vt 0.724950 0.408322
vt 0.621050 0.422879
vt 0.615686 0.416372
vt 0.610574 0.410176
vt 0.610574 0.408322
vt 0.806614 0.583187
vt 0.817881 0.591272
vt 0.833502 0.571415
vt 0.796255 0.574586
vt 0.786817 0.565511
vt 0.827215 0.567478
vt 0.821092 0.563110
vt 0.778314 0.556010
vt 0.815176 0.558354
vt 0.809507 0.553254
vt 0.770760 0.546125
vt 0.804129 0.547852
vt 0.799083 0.542192
vt 0.764168 0.535904
vt 0.794413 0.536316
vt 0.790160 0.530269
vt 0.758552 0.525390
vt 0.786366 0.524093
vt 0.753927 0.514628
vt 0.783075 0.517831
vt 0.780328 0.511527
vt 0.750305 0.503665
vt 0.803573 0.512563
vt 0.806496 0.512638
vt 0.813554 0.512173
vt 0.800757 0.512346
vt 0.798049 0.512001
vt 0.820263 0.510813
vt 0.795445 0.511540
vt 0.792944 0.510975
vt 0.778167 0.505225
vt 0.790544 0.510321
vt 0.826573 0.508613
vt 0.788244 0.509590
vt 0.786041 0.508794
vt 0.783934 0.507947
vt 0.832433 0.505627
vt 0.781920 0.507061
vt 0.779998 0.506149
vt 0.837793 0.501909
vt 0.747701 0.492544
vt 0.842603 0.497513
vt 0.846811 0.492495
vt 0.746129 0.481311
vt 0.793643 0.487568
vt 0.796013 0.487824
vt 0.798520 0.487969
vt 0.801201 0.488015
vt 0.850368 0.486907
vt 0.805405 0.487772
vt 0.809393 0.487059
vt 0.791376 0.487191
vt 0.789174 0.486682
vt 0.813136 0.485905
vt 0.853222 0.480805
vt 0.787003 0.486029
vt 0.784827 0.485222
vt 0.816606 0.484338
vt 0.782609 0.484250
vt 0.819775 0.482384
vt 0.780314 0.483101
vt 0.777906 0.481764
vt 0.822614 0.480072
vt 0.775349 0.480229
vt 0.745601 0.470011
vt 0.855324 0.474241
vt 0.772607 0.478484
vt 0.825094 0.477429
vt 0.771385 0.471312
vt 0.827187 0.474483
vt 0.828864 0.471261
vt 0.856622 0.467272
vt 0.771108 0.464638
vt 0.830098 0.467790
vt 0.746085 0.460742
vt 0.830859 0.464099
vt 0.857065 0.459951
vt 0.771693 0.458486
vt 0.831119 0.460215
vt 0.747507 0.452027
vt 0.830880 0.455905
vt 0.856570 0.452714
vt 0.773058 0.452880
vt 0.830176 0.451859
vt 0.775122 0.447845
vt 0.855128 0.445745
vt 0.749825 0.443916
vt 0.829030 0.448098
vt 0.827461 0.444643
vt 0.777803 0.443403
vt 0.852809 0.439113
vt 0.825492 0.441516
vt 0.752995 0.436455
vt 0.781019 0.439579
vt 0.823143 0.438737
vt 0.784688 0.436397
vt 0.849682 0.432886
vt 0.820436 0.436327
vt 0.756974 0.429694
vt 0.788728 0.433880
vt 0.817391 0.434308
vt 0.814030 0.432701
vt 0.793059 0.432053
vt 0.845816 0.427134
vt 0.810373 0.431527
vt 0.797596 0.430939
vt 0.806443 0.430807
vt 0.802260 0.430562
vt 0.761719 0.423678
vt 0.841279 0.421924
vt 0.767186 0.418457
vt 0.836142 0.417327
vt 0.773333 0.414078
vt 0.830472 0.413412
vt 0.780115 0.410589
vt 0.824339 0.410246
vt 0.787491 0.408038
vt 0.817811 0.407899
vt 0.795417 0.406472
vt 0.810958 0.406441
vt 0.803849 0.405939
vt 0.449001 0.461318
vt 0.452271 0.461318
vt 0.452271 0.564777
vt 0.449001 0.564777
vt 0.679250 0.461318
vt 0.672293 0.461318
vt 0.672293 0.564777
vt 0.679250 0.564777
vt 0.819775 0.461318
vt 0.822614 0.461318
vt 0.822614 0.564777
vt 0.819775 0.564777
vt 0.813554 0.461318
vt 0.806496 0.461318
vt 0.806496 0.564777
vt 0.813554 0.564777
vt 0.411489 0.461318
vt 0.403001 0.461318
vt 0.403001 0.564777
vt 0.411489 0.564777
vt 0.777906 0.461318
vt 0.780314 0.461318
vt 0.780314 0.564777
vt 0.777906 0.564777
vt 0.455953 0.461318
vt 0.455953 0.564777
vt 0.803573 0.461318
vt 0.803573 0.564777
vt 0.394514 0.461318
vt 0.394514 0.564777
vt 0.646151 0.461318
vt 0.642619 0.461318
vt 0.642619 0.564777
vt 0.646151 0.564777
vt 0.782609 0.461318
vt 0.782609 0.564777
vt 0.460253 0.461318
vt 0.460253 0.564777
vt 0.408322 0.461318
vt 0.412402 0.461318
vt 0.412402 0.564777
vt 0.408322 0.564777
vt 0.664831 0.461318
vt 0.664831 0.564777
vt 0.514628 0.461318
vt 0.503665 0.461318
vt 0.503665 0.564777
vt 0.514628 0.564777
vt 0.305834 0.461318
vt 0.336811 0.461318
vt 0.336811 0.564777
vt 0.305834 0.564777
vt 0.511527 0.461318
vt 0.517831 0.461318
vt 0.517831 0.564777
vt 0.511527 0.564777
vt 0.465377 0.461318
vt 0.465377 0.564777
vt 0.416079 0.461318
vt 0.416079 0.564777
vt 0.816606 0.461318
vt 0.816606 0.564777
vt 0.649704 0.461318
vt 0.649704 0.564777
vt 0.784827 0.461318
vt 0.784827 0.564777
vt 0.524093 0.461318
vt 0.524093 0.564777
vt 0.487750 0.461318
vt 0.511049 0.461318
vt 0.511049 0.564777
vt 0.487750 0.564777
vt 0.419413 0.461318
vt 0.419413 0.564777
vt 0.090319 0.461318
vt 0.164188 0.461318
vt 0.164188 0.564777
vt 0.090319 0.564777
vt 0.653287 0.461318
vt 0.653287 0.564777
vt 0.422466 0.461318
vt 0.422466 0.564777
vt 0.656907 0.461318
vt 0.656907 0.564777
vt 0.813136 0.461318
vt 0.813136 0.564777
vt 0.525390 0.461318
vt 0.525390 0.564777
vt 0.787003 0.461318
vt 0.787003 0.564777
vt 0.530269 0.461318
vt 0.530269 0.564777
vt 0.425298 0.461318
vt 0.425298 0.564777
vt 0.478919 0.461318
vt 0.478919 0.564777
vt 0.588889 0.461318
vt 0.588889 0.564777
vt 0.789174 0.461318
vt 0.789174 0.564777
vt 0.427970 0.461318
vt 0.427970 0.564777
vt 0.522673 0.461318
vt 0.548620 0.461318
vt 0.548620 0.564777
vt 0.522673 0.564777
vt 0.535904 0.461318
vt 0.535904 0.564777
vt 0.471530 0.461318
vt 0.471530 0.564777
vt 0.480805 0.461318
vt 0.486907 0.461318
vt 0.486907 0.564777
vt 0.480805 0.564777
vt 0.536316 0.461318
vt 0.536316 0.564777
vt 0.430543 0.461318
vt 0.430543 0.564777
vt 0.542192 0.461318
vt 0.542192 0.564777
vt 0.515230 0.461318
vt 0.515230 0.564777
vt 0.433079 0.461318
vt 0.433079 0.564777
vt 0.411489 0.461318
vt 0.411489 0.564777
vt 0.809393 0.461318
vt 0.809393 0.564777
vt 0.791376 0.461318
vt 0.791376 0.564777
vt 0.527975 0.461318
vt 0.531161 0.461318
vt 0.531161 0.564777
vt 0.527975 0.564777
vt 0.435638 0.461318
vt 0.435638 0.564777
vt 0.419451 0.461318
vt 0.419451 0.564777
vt 0.546125 0.461318
vt 0.546125 0.564777
vt 0.524987 0.461318
vt 0.524987 0.564777
vt 0.793643 0.461318
vt 0.793643 0.564777
vt 0.547852 0.461318
vt 0.547852 0.564777
vt 0.438282 0.461318
vt 0.438282 0.564777
vt 0.522000 0.461318
vt 0.522000 0.564777
vt 0.386552 0.461318
vt 0.386552 0.564777
vt 0.553254 0.461318
vt 0.553254 0.564777
vt 0.534745 0.461318
vt 0.534745 0.564777
vt 0.441070 0.461318
vt 0.441070 0.564777
vt 0.426846 0.461318
vt 0.426846 0.564777
vt 0.805405 0.461318
vt 0.805405 0.564777
vt 0.444065 0.461318
vt 0.444065 0.564777
vt 0.801201 0.461318
vt 0.801201 0.564777
vt 0.556010 0.461318
vt 0.556010 0.564777
vt 0.518814 0.461318
vt 0.518814 0.564777
vt 0.492495 0.461318
vt 0.492495 0.564777
vt 0.379157 0.461318
vt 0.379157 0.564777
vt 0.809507 0.461318
vt 0.815176 0.461318
vt 0.815176 0.564777
vt 0.809507 0.564777
vt 0.538925 0.461318
vt 0.538925 0.564777
vt 0.433635 0.461318
vt 0.433635 0.564777
vt 0.445389 0.461318
vt 0.445389 0.564777
vt 0.821092 0.461318
vt 0.821092 0.564777
vt 0.543901 0.461318
vt 0.543901 0.564777
vt 0.449570 0.461318
vt 0.449570 0.564777
vt 0.372368 0.461318
vt 0.372368 0.564777
vt 0.549871 0.461318
vt 0.549871 0.564777
vt 0.417608 0.461318
vt 0.423904 0.461318
vt 0.423904 0.564777
vt 0.417608 0.564777
vt 0.565511 0.461318
vt 0.565511 0.564777
vt 0.453988 0.461318
vt 0.453988 0.564777
vt 0.827215 0.461318
vt 0.827215 0.564777
vt 0.454832 0.461318
vt 0.454832 0.564777
vt 0.417608 0.461318
vt 0.417608 0.564777
vt 0.833502 0.461318
vt 0.833502 0.564777
vt 0.557035 0.461318
vt 0.557035 0.564777
vt 0.459851 0.461318
vt 0.459851 0.564777
vt 0.398139 0.461318
vt 0.398139 0.564777
vt 0.796255 0.461318
vt 0.786817 0.461318
vt 0.786817 0.564777
vt 0.796255 0.564777
vt 0.461318 0.461318
vt 0.461318 0.564777
vt 0.464628 0.461318
vt 0.464628 0.564777
vt 0.407864 0.461318
vt 0.407864 0.564777
vt 0.806614 0.461318
vt 0.806614 0.564777
vt 0.431423 0.461318
vt 0.431423 0.564777
vt 0.571415 0.461318
vt 0.591272 0.461318
vt 0.591272 0.564777
vt 0.571415 0.564777
vt 0.565590 0.461318
vt 0.565590 0.564777
vt 0.467480 0.461318
vt 0.467480 0.564777
vt 0.817881 0.461318
vt 0.817881 0.564777
vt 0.469162 0.461318
vt 0.469162 0.564777
vt 0.610574 0.461318
vt 0.724950 0.461318
vt 0.724950 0.564777
vt 0.610574 0.564777
vt 0.166835 0.461318
vt 0.166835 0.564777
vt 0.393622 0.461318
vt 0.393622 0.564777
vt 0.410176 0.461318
vt 0.410176 0.564777
vt 0.064373 0.461318
vt 0.064373 0.564777
vt 0.472571 0.461318
vt 0.472571 0.564777
vt 0.416372 0.461318
vt 0.416372 0.564777
vt 0.473453 0.461318
vt 0.473453 0.564777
vt 0.412381 0.461318
vt 0.412381 0.564777
vt 0.389466 0.461318
vt 0.389466 0.564777
vt 0.422879 0.461318
vt 0.422879 0.564777
vt -0.060859 0.461318
vt -0.056623 0.461318
vt -0.056623 0.564777
vt -0.060859 0.564777
vt 0.476691 0.461318
vt 0.476691 0.564777
vt 0.429644 0.461318
vt 0.429644 0.564777
vt -0.000493 0.461318
vt 0.025453 0.461318
vt 0.025453 0.564777
vt -0.000493 0.564777
vt 0.477502 0.461318
vt 0.477502 0.564777
vt 0.416537 0.461318
vt 0.416537 0.564777
vt 0.432945 0.461318
vt 0.432945 0.564777
vt 0.548910 0.461318
vt 0.548910 0.564777
vt 0.385684 0.461318
vt 0.385684 0.564777
vt 0.479013 0.461318
vt 0.479013 0.564777
vt 0.655848 0.461318
vt 0.655848 0.564777
vt 0.254074 0.461318
vt 0.257866 0.461318
vt 0.257866 0.564777
vt 0.254074 0.564777
vt 0.481308 0.461318
vt 0.481308 0.564777
vt 0.420319 0.461318
vt 0.420319 0.564777
vt 0.440099 0.461318
vt 0.440099 0.564777
vt 0.436612 0.461318
vt 0.436612 0.564777
vt -0.142935 0.461318
vt -0.116988 0.461318
vt -0.116988 0.564777
vt -0.142935 0.564777
vt 0.250502 0.461318
vt 0.250502 0.564777
vt 0.443732 0.461318
vt 0.443732 0.564777
vt 0.444456 0.461318
vt 0.444456 0.564777
vt 0.247097 0.461318
vt 0.247097 0.564777
vt 0.438789 0.461318
vt 0.443287 0.461318
vt 0.443287 0.564777
vt 0.438789 0.564777
vt 0.484871 0.461318
vt 0.484871 0.564777
vt -0.001023 0.461318
vt -0.001023 0.564777
vt 0.450949 0.461318
vt 0.450949 0.564777
vt 0.455094 0.461318
vt 0.455094 0.564777
vt 0.243806 0.461318
vt 0.243806 0.564777
vt 0.448698 0.461318
vt 0.448698 0.564777
vt 0.001360 0.461318
vt 0.001360 0.564777
vt 0.240576 0.461318
vt 0.240576 0.564777
vt 0.458210 0.461318
vt 0.458210 0.564777
vt 0.514756 0.461318
vt 0.514756 0.564777
vt 0.464956 0.461318
vt 0.464956 0.564777
vt 0.237353 0.461318
vt 0.237353 0.564777
vt 0.449870 0.461318
vt 0.449870 0.564777
vt 0.486691 0.461318
vt 0.486691 0.564777
vt 0.197283 0.461318
vt 0.223229 0.461318
vt 0.223229 0.564777
vt 0.197283 0.564777
vt 0.465461 0.461318
vt 0.465461 0.564777
vt -0.116458 0.461318
vt -0.116458 0.564777
vt 0.283222 0.461318
vt 0.279670 0.461318
vt 0.279670 0.564777
vt 0.283222 0.564777
vt 0.454992 0.461318
vt 0.454992 0.564777
vt 0.472651 0.461318
vt 0.472651 0.564777
vt 0.474140 0.461318
vt 0.474140 0.564777
vt -0.118577 0.461318
vt -0.118577 0.564777
vt 0.234084 0.461318
vt 0.234084 0.564777
vt 0.460670 0.461318
vt 0.460670 0.564777
vt 0.479724 0.461318
vt 0.479724 0.564777
vt 0.275922 0.461318
vt 0.275922 0.564777
vt 0.482742 0.461318
vt 0.482742 0.564777
vt 0.271945 0.461318
vt 0.271945 0.564777
vt 0.462137 0.461318
vt 0.462137 0.564777
vt 0.486629 0.461318
vt 0.486629 0.564777
vt 0.276599 0.461318
vt 0.276599 0.564777
vt 0.490861 0.461318
vt 0.490861 0.564777
vt 0.280892 0.461318
vt 0.280892 0.564777
vt 0.470102 0.461318
vt 0.470102 0.564777
vt 0.493310 0.461318
vt 0.493310 0.564777
vt 0.284815 0.461318
vt 0.284815 0.564777
vt 0.803849 0.461318
vt 0.810958 0.461318
vt 0.810958 0.564777
vt 0.803849 0.564777
vt 0.497091 0.461318
vt 0.497091 0.564777
vt 0.795417 0.461318
vt 0.795417 0.564777
vt 0.288360 0.461318
vt 0.288360 0.564777
vt 0.498594 0.461318
vt 0.498594 0.564777
vt 0.817811 0.461318
vt 0.817811 0.564777
vt 0.472436 0.461318
vt 0.472436 0.564777
vt 0.504332 0.461318
vt 0.507648 0.461318
vt 0.507648 0.564777
vt 0.504332 0.564777
vt 0.501132 0.461318
vt 0.501132 0.564777
vt 0.787491 0.461318
vt 0.787491 0.564777
vt 0.824339 0.461318
vt 0.824339 0.564777
vt 0.239909 0.461318
vt 0.239909 0.564777
vt 0.505385 0.461318
vt 0.505385 0.564777
vt 0.478856 0.461318
vt 0.478856 0.564777
vt 0.506038 0.461318
vt 0.506038 0.564777
vt 0.780115 0.461318
vt 0.780115 0.564777
vt 0.830472 0.461318
vt 0.830472 0.564777
vt 0.485102 0.461318
vt 0.485102 0.564777
vt 0.509797 0.461318
vt 0.509797 0.564777
vt 0.246452 0.461318
vt 0.246452 0.564777
vt 0.513291 0.461318
vt 0.513291 0.564777
vt 0.773333 0.461318
vt 0.773333 0.564777
vt 0.252208 0.461318
vt 0.252208 0.564777
vt 0.836142 0.461318
vt 0.836142 0.564777
vt 0.511248 0.461318
vt 0.511248 0.564777
vt 0.514321 0.461318
vt 0.514321 0.564777
vt 0.488368 0.461318
vt 0.488368 0.564777
vt 0.488368 0.461318
vt 0.488368 0.564777
vt 0.518907 0.461318
vt 0.518907 0.564777
vt 0.767186 0.461318
vt 0.767186 0.564777
vt 0.257218 0.461318
vt 0.257218 0.564777
vt 0.520451 0.461318
vt 0.520451 0.564777
vt 0.841279 0.461318
vt 0.841279 0.564777
vt 0.498606 0.461318
vt 0.498606 0.564777
vt 0.261521 0.461318
vt 0.261521 0.564777
vt 0.515124 0.461318
vt 0.515124 0.564777
vt 0.523504 0.461318
vt 0.523504 0.564777
vt 0.761719 0.461318
vt 0.761719 0.564777
vt 0.527614 0.461318
vt 0.527614 0.564777
vt 0.421924 0.461318
vt 0.427134 0.461318
vt 0.427134 0.564777
vt 0.421924 0.564777
vt 0.265159 0.461318
vt 0.265159 0.564777
vt 0.528062 0.461318
vt 0.528062 0.564777
vt 0.429694 0.461318
vt 0.423678 0.461318
vt 0.423678 0.564777
vt 0.429694 0.564777
vt 0.268172 0.461318
vt 0.268172 0.564777
vt 0.519267 0.461318
vt 0.519267 0.564777
vt 0.532533 0.461318
vt 0.532533 0.564777
vt 0.508843 0.461318
vt 0.508843 0.564777
vt 0.534878 0.461318
vt 0.534878 0.564777
vt 0.806443 0.461318
vt 0.802260 0.461318
vt 0.802260 0.564777
vt 0.806443 0.564777
vt 0.797596 0.461318
vt 0.797596 0.564777
vt 0.521905 0.461318
vt 0.519025 0.461318
vt 0.519025 0.564777
vt 0.521905 0.564777
vt 0.523667 0.461318
vt 0.523667 0.564777
vt 0.512109 0.461318
vt 0.512109 0.564777
vt 0.536866 0.461318
vt 0.536866 0.564777
vt 0.810373 0.461318
vt 0.810373 0.564777
vt 0.541011 0.461318
vt 0.541011 0.564777
vt 0.793059 0.461318
vt 0.793059 0.564777
vt 0.525052 0.461318
vt 0.525052 0.564777
vt 0.512109 0.461318
vt 0.512109 0.564777
vt 0.542995 0.461318
vt 0.542995 0.564777
vt 0.528315 0.461318
vt 0.528315 0.564777
vt 0.518355 0.461318
vt 0.518355 0.564777
vt 0.814030 0.461318
vt 0.814030 0.564777
vt 0.544919 0.461318
vt 0.544919 0.564777
vt 0.432886 0.461318
vt 0.432886 0.564777
vt 0.528420 0.461318
vt 0.528420 0.564777
vt 0.524775 0.461318
vt 0.524775 0.564777
vt 0.549503 0.461318
vt 0.549503 0.564777
vt 0.788728 0.461318
vt 0.788728 0.564777
vt 0.531962 0.461318
vt 0.531962 0.564777
vt 0.550638 0.461318
vt 0.550638 0.564777
vt 0.533202 0.461318
vt 0.533202 0.564777
vt 0.817391 0.461318
vt 0.817391 0.564777
vt 0.553365 0.461318
vt 0.553365 0.564777
vt 0.535630 0.461318
vt 0.535630 0.564777
vt 0.527109 0.461318
vt 0.527109 0.564777
vt 0.820436 0.461318
vt 0.820436 0.564777
vt 0.538320 0.461318
vt 0.538320 0.564777
vt 0.556568 0.461318
vt 0.556568 0.564777
vt 0.784688 0.461318
vt 0.784688 0.564777
vt 0.557763 0.461318
vt 0.557763 0.564777
vt 0.539379 0.461318
vt 0.539379 0.564777
vt 0.535074 0.461318
vt 0.535074 0.564777
vt 0.436455 0.461318
vt 0.436455 0.564777
vt 0.692042 0.461318
vt 0.695190 0.461318
vt 0.695190 0.564777
vt 0.692042 0.564777
vt 0.543072 0.461318
vt 0.543072 0.564777
vt 0.823143 0.461318
vt 0.823143 0.564777
vt 0.536541 0.461318
vt 0.536541 0.564777
vt 0.688274 0.461318
vt 0.688274 0.564777
vt 0.439113 0.461318
vt 0.439113 0.564777
vt 0.545767 0.461318
vt 0.545767 0.564777
vt 0.545878 0.461318
vt 0.545878 0.564777
vt 0.684012 0.461318
vt 0.684012 0.564777
vt 0.781019 0.461318
vt 0.781019 0.564777
vt 0.252569 0.461318
vt 0.257563 0.461318
vt 0.257563 0.564777
vt 0.252569 0.564777
vt 0.679380 0.461318
vt 0.679380 0.564777
vt 0.246727 0.461318
vt 0.246727 0.564777
vt 0.542219 0.461318
vt 0.542219 0.564777
vt 0.564325 0.461318
vt 0.564325 0.564777
vt 0.441516 0.461318
vt 0.438737 0.461318
vt 0.438737 0.564777
vt 0.441516 0.564777
vt 0.261774 0.461318
vt 0.261774 0.564777
vt 0.439579 0.461318
vt 0.443403 0.461318
vt 0.443403 0.564777
vt 0.439579 0.564777
vt 0.547341 0.461318
vt 0.547341 0.564777
vt 0.674504 0.461318
vt 0.674504 0.564777
vt 0.547592 0.461318
vt 0.547592 0.564777
vt 0.443916 0.461318
vt 0.443916 0.564777
vt 0.265270 0.461318
vt 0.265270 0.564777
vt 0.669508 0.461318
vt 0.669508 0.564777
vt 0.444643 0.461318
vt 0.444643 0.564777
vt 0.664517 0.461318
vt 0.664517 0.564777
vt 0.445745 0.461318
vt 0.445745 0.564777
vt 0.548677 0.461318
vt 0.548677 0.564777
vt 0.548513 0.461318
vt 0.548513 0.564777
vt 0.570280 0.461318
vt 0.570280 0.564777
vt 0.268116 0.461318
vt 0.268116 0.564777
vt 0.447845 0.461318
vt 0.447845 0.564777
vt 0.270378 0.461318
vt 0.270378 0.564777
vt 0.659658 0.461318
vt 0.659658 0.564777
vt 0.553924 0.461318
vt 0.553924 0.564777
vt 0.448098 0.461318
vt 0.448098 0.564777
vt 0.655053 0.461318
vt 0.655053 0.564777
vt 0.272122 0.461318
vt 0.273414 0.461318
vt 0.273414 0.564777
vt 0.272122 0.564777
vt 0.451859 0.461318
vt 0.451859 0.564777
vt 0.552913 0.461318
vt 0.552913 0.564777
vt 0.557112 0.461318
vt 0.557112 0.564777
vt 0.651804 0.461318
vt 0.651804 0.564777
vt 0.452027 0.461318
vt 0.452027 0.564777
vt 0.798520 0.461318
vt 0.798520 0.564777
vt 0.452714 0.461318
vt 0.452714 0.564777
vt 0.648540 0.461318
vt 0.648540 0.564777
vt 0.796013 0.461318
vt 0.796013 0.564777
vt 0.452880 0.461318
vt 0.452880 0.564777
vt 0.558422 0.461318
vt 0.558422 0.564777
vt 0.645257 0.461318
vt 0.645257 0.564777
vt 0.559401 0.461318
vt 0.559401 0.564777
vt 0.641953 0.461318
vt 0.641953 0.564777
vt 0.455905 0.461318
vt 0.455905 0.564777
vt 0.565315 0.461318
vt 0.565315 0.564777
vt 0.458486 0.461318
vt 0.458486 0.564777
vt 0.416537 0.461318
vt 0.420319 0.461318
vt 0.420319 0.564777
vt 0.416537 0.564777
vt 0.638622 0.461318
vt 0.638622 0.564777
vt 0.492544 0.461318
vt 0.481311 0.461318
vt 0.481311 0.564777
vt 0.492544 0.564777
vt 0.385684 0.461318
vt 0.389466 0.461318
vt 0.389466 0.564777
vt 0.385684 0.564777
vt 0.459951 0.461318
vt 0.459951 0.564777
vt 0.497513 0.461318
vt 0.497513 0.564777
vt 0.635263 0.461318
vt 0.635263 0.564777
vt 0.509990 0.461318
vt 0.566649 0.461318
vt 0.566649 0.564777
vt 0.509990 0.564777
vt 0.842603 0.461318
vt 0.837793 0.461318
vt 0.837793 0.564777
vt 0.842603 0.564777
vt 0.412381 0.461318
vt 0.412381 0.564777
vt 0.631870 0.461318
vt 0.631870 0.564777
vt 0.460215 0.461318
vt 0.460215 0.564777
vt 0.570630 0.461318
vt 0.570630 0.564777
vt 0.393622 0.461318
vt 0.393622 0.564777
vt 0.628440 0.461318
vt 0.628440 0.564777
vt 0.460742 0.461318
vt 0.460742 0.564777
vt 0.290920 0.461318
vt 0.286176 0.461318
vt 0.286176 0.564777
vt 0.290920 0.564777
vt 0.565789 0.461318
vt 0.565789 0.564777
vt 0.624970 0.461318
vt 0.624970 0.564777
vt 0.464099 0.461318
vt 0.464099 0.564777
vt 0.832433 0.461318
vt 0.832433 0.564777
vt 0.280671 0.461318
vt 0.280671 0.564777
vt 0.464638 0.461318
vt 0.464638 0.564777
vt 0.621456 0.461318
vt 0.621456 0.564777
vt 0.274436 0.461318
vt 0.274436 0.564777
vt 0.467272 0.461318
vt 0.467272 0.564777
vt 0.779998 0.461318
vt 0.778167 0.461318
vt 0.778167 0.564777
vt 0.779998 0.564777
vt 0.407864 0.461318
vt 0.407864 0.564777
vt 0.545869 0.461318
vt 0.549736 0.461318
vt 0.549736 0.564777
vt 0.545869 0.564777
vt 0.267502 0.461318
vt 0.267502 0.564777
vt 0.398139 0.461318
vt 0.398139 0.564777
vt 0.781920 0.461318
vt 0.781920 0.564777
vt 0.541497 0.461318
vt 0.541497 0.564777
vt 0.467790 0.461318
vt 0.467790 0.564777
vt 0.259901 0.461318
vt 0.259901 0.564777
vt 0.574062 0.461318
vt 0.574062 0.564777
vt 0.783934 0.461318
vt 0.783934 0.564777
vt 0.575585 0.461318
vt 0.575585 0.564777
vt 0.470011 0.461318
vt 0.470011 0.564777
vt 0.826573 0.461318
vt 0.826573 0.564777
vt 0.251664 0.461318
vt 0.251664 0.564777
vt 0.471261 0.461318
vt 0.471261 0.564777
vt 0.242821 0.461318
vt 0.242821 0.564777
vt 0.573307 0.461318
vt 0.573307 0.564777
vt 0.617900 0.461318
vt 0.614280 0.461318
vt 0.614280 0.564777
vt 0.617900 0.564777
vt 0.471312 0.461318
vt 0.471312 0.564777
vt 0.786041 0.461318
vt 0.786041 0.564777
vt 0.621483 0.461318
vt 0.621483 0.564777
vt 0.474241 0.461318
vt 0.474241 0.564777
vt 0.788244 0.461318
vt 0.788244 0.564777
vt 0.696654 0.461318
vt 0.691473 0.461318
vt 0.691473 0.564777
vt 0.696654 0.564777
vt 0.790544 0.461318
vt 0.790544 0.564777
vt 0.474483 0.461318
vt 0.474483 0.564777
vt 0.820263 0.461318
vt 0.820263 0.564777
vt 0.579603 0.461318
vt 0.579603 0.564777
vt 0.625036 0.461318
vt 0.625036 0.564777
vt 0.431621 0.461318
vt 0.431621 0.564777
vt 0.477429 0.461318
vt 0.477429 0.564777
vt 0.169218 0.461318
vt 0.169218 0.564777
vt 0.628567 0.461318
vt 0.628567 0.564777
vt 0.478484 0.461318
vt 0.478484 0.564777
vt 0.792944 0.461318
vt 0.792944 0.564777
vt 0.685658 0.461318
vt 0.685658 0.564777
vt 0.505225 0.461318
vt 0.505225 0.564777
vt 0.435921 0.461318
vt 0.435921 0.564777
vt 0.480072 0.461318
vt 0.480072 0.564777
vt 0.433635 0.461318
vt 0.426846 0.461318
vt 0.426846 0.564777
vt 0.433635 0.564777
vt 0.632084 0.461318
vt 0.632084 0.564777
vt 0.772607 0.461318
vt 0.775349 0.461318
vt 0.775349 0.564777
vt 0.772607 0.564777
vt 0.795445 0.461318
vt 0.795445 0.564777
vt 0.439603 0.461318
vt 0.439603 0.564777
vt 0.635593 0.461318
vt 0.635593 0.564777
vt 0.798049 0.461318
vt 0.798049 0.564777
vt 0.442873 0.461318
vt 0.442873 0.564777
vt 0.419451 0.461318
vt 0.419451 0.564777
vt 0.445937 0.461318
vt 0.445937 0.564777
vt 0.800757 0.461318
vt 0.800757 0.564777
vt 0.639103 0.461318
vt 0.639103 0.564777
s 0
f 127/1/1 126/2/1 125/3/1
f 127/1/1 125/3/1 129/4/1
f 129/4/1 125/3/1 130/5/1
f 130/5/1 125/3/1 124/6/1
f 124/6/1 123/7/1 122/8/1
f 124/6/1 122/8/1 133/9/1
f 133/9/1 122/8/1 134/10/1
f 134/10/1 122/8/1 136/11/1
f 127/1/1 129/4/1 128/12/1
f 131/13/1 130/5/1 124/6/1
f 124/6/1 133/9/1 132/14/1
f 135/15/1 134/10/1 136/11/1
f 131/13/1 124/6/1 132/14/1
f 139/16/1 138/17/1 169/18/1
f 169/18/1 138/17/1 137/19/1
f 169/18/1 137/19/1 170/20/1
f 139/16/1 169/18/1 168/21/1
f 139/16/1 168/21/1 151/22/1
f 151/22/1 168/21/1 158/23/1
f 158/23/1 168/21/1 167/24/1
f 158/23/1 167/24/1 159/25/1
f 159/25/1 167/24/1 166/26/1
f 159/25/1 166/26/1 165/27/1
f 159/25/1 165/27/1 164/28/1
f 159/25/2 164/28/2 160/29/2
f 160/29/1 164/28/1 163/30/1
f 160/29/1 163/30/1 161/31/1
f 161/31/1 163/30/1 162/32/1
f 151/22/1 158/23/1 157/33/1
f 151/22/1 157/33/1 152/34/1
f 152/34/1 157/33/1 153/35/1
f 153/35/1 157/33/1 154/36/1
f 154/36/1 157/33/1 156/37/1
f 154/36/1 156/37/1 155/38/1
f 139/16/1 151/22/1 150/39/1
f 139/16/1 150/39/1 149/40/1
f 139/16/1 149/40/1 148/41/1
f 139/16/1 148/41/1 147/42/1
f 139/16/1 147/42/1 146/43/1
f 139/16/1 146/43/1 145/44/1
f 139/16/1 145/44/1 144/45/1
f 139/16/1 144/45/1 143/46/1
f 139/16/1 143/46/1 142/47/1
f 139/16/1 142/47/1 141/48/1
f 139/16/1 141/48/1 140/49/1
f 172/50/1 171/51/1 238/52/1
f 238/52/1 171/51/1 237/53/1
f 238/52/1 237/53/1 236/54/1
f 238/52/1 236/54/1 235/55/1
f 238/52/1 235/55/1 234/56/1
f 238/52/1 234/56/1 233/57/1
f 238/52/1 233/57/1 232/58/1
f 238/52/1 232/58/1 231/59/1
f 238/52/1 231/59/1 230/60/1
f 238/52/1 230/60/1 229/61/1
f 172/50/1 238/52/1 264/62/1
f 239/63/1 238/52/1 229/61/1
f 239/63/1 229/61/1 228/64/1
f 239/63/1 228/64/1 227/65/1
f 239/63/1 227/65/1 245/66/1
f 245/66/1 227/65/1 246/67/1
f 246/67/1 227/65/1 226/68/1
f 247/69/1 246/67/1 226/68/1
f 239/63/1 245/66/1 244/70/1
f 239/63/1 244/70/1 243/71/1
f 248/72/1 247/69/1 226/68/1
f 239/63/1 243/71/1 242/73/1
f 249/74/1 248/72/1 226/68/1
f 239/63/1 242/73/1 241/75/1
f 239/63/1 241/75/1 240/76/1
f 249/74/1 226/68/1 225/77/1
f 250/78/1 249/74/1 225/77/1
f 251/79/1 250/78/1 225/77/1
f 252/80/1 251/79/1 225/77/1
f 252/80/1 225/77/1 224/81/1
f 253/82/1 252/80/1 224/81/1
f 253/82/1 224/81/1 223/83/1
f 254/84/1 253/82/1 223/83/1
f 255/85/1 254/84/1 223/83/1
f 255/85/1 223/83/1 222/86/1
f 256/87/1 255/85/1 222/86/1
f 256/87/1 222/86/1 221/88/1
f 257/89/1 256/87/1 221/88/1
f 257/89/1 221/88/1 220/90/1
f 258/91/1 257/89/1 220/90/1
f 259/92/1 258/91/1 220/90/1
f 259/92/1 220/90/1 219/93/1
f 260/94/1 259/92/1 219/93/1
f 261/95/1 260/94/1 219/93/1
f 261/95/1 219/93/1 218/96/1
f 262/97/1 261/95/1 218/96/1
f 263/98/1 262/97/1 218/96/1
f 172/50/1 264/62/1 174/99/1
f 174/99/1 264/62/1 263/98/1
f 174/99/1 263/98/1 218/96/1
f 174/99/1 218/96/1 217/100/1
f 174/99/1 217/100/1 216/101/1
f 174/99/1 216/101/1 215/102/1
f 174/99/1 215/102/1 214/103/1
f 174/99/1 214/103/1 213/104/1
f 174/99/1 213/104/1 212/105/1
f 174/99/1 212/105/1 211/106/1
f 174/99/1 211/106/1 175/107/1
f 175/107/1 211/106/1 176/108/1
f 176/108/1 211/106/1 210/109/1
f 172/50/1 174/99/1 173/110/1
f 177/111/1 176/108/1 210/109/1
f 178/112/1 177/111/1 210/109/1
f 179/113/1 178/112/1 210/109/1
f 179/113/1 210/109/1 209/114/1
f 180/115/1 179/113/1 209/114/1
f 181/116/1 180/115/1 209/114/1
f 181/116/1 209/114/1 208/117/1
f 182/118/1 181/116/1 208/117/1
f 182/118/1 208/117/1 207/119/1
f 183/120/1 182/118/1 207/119/1
f 183/120/1 207/119/1 206/121/1
f 184/122/1 183/120/1 206/121/1
f 184/122/1 206/121/1 205/123/1
f 185/124/1 184/122/1 205/123/1
f 185/124/1 205/123/1 204/125/1
f 186/126/1 185/124/1 204/125/1
f 186/126/1 204/125/1 203/127/1
f 186/126/1 203/127/1 202/128/1
f 187/129/1 186/126/1 202/128/1
f 187/129/1 202/128/1 201/130/1
f 188/131/1 187/129/1 201/130/1
f 188/131/1 201/130/1 200/132/1
f 188/131/1 200/132/1 199/133/1
f 188/131/1 199/133/1 198/134/1
f 188/131/1 198/134/1 197/135/1
f 188/131/1 197/135/1 196/136/1
f 188/131/1 196/136/1 195/137/1
f 188/131/1 195/137/1 194/138/1
f 188/131/1 194/138/1 193/139/1
f 188/131/1 193/139/1 192/140/1
f 188/131/1 192/140/1 191/141/1
f 188/131/1 191/141/1 190/142/1
f 188/131/1 190/142/1 189/143/1
f 278/144/1 277/145/1 276/146/1
f 278/144/1 276/146/1 275/147/1
f 279/148/1 278/144/1 275/147/1
f 279/148/1 275/147/1 274/149/1
f 280/150/1 279/148/1 274/149/1
f 280/150/1 274/149/1 273/151/1
f 281/152/1 280/150/1 273/151/1
f 282/153/1 281/152/1 273/151/1
f 282/153/1 273/151/1 272/154/1
f 283/155/1 282/153/1 272/154/1
f 283/155/1 272/154/1 349/156/1
f 349/156/1 272/154/1 271/157/1
f 283/155/1 349/156/1 348/158/1
f 350/159/1 349/156/1 271/157/1
f 283/155/1 348/158/1 347/160/1
f 351/161/1 350/159/1 271/157/1
f 284/162/1 283/155/1 347/160/1
f 351/161/1 271/157/1 270/163/1
f 284/162/1 347/160/1 346/164/1
f 352/165/1 351/161/1 270/163/1
f 284/162/1 346/164/1 345/166/1
f 353/167/1 352/165/1 270/163/1
f 284/162/1 345/166/1 344/168/1
f 354/169/1 353/167/1 270/163/1
f 285/170/1 284/162/1 344/168/1
f 354/169/1 270/163/1 269/171/1
f 285/170/1 344/168/1 343/172/1
f 355/173/1 354/169/1 269/171/1
f 285/170/1 343/172/1 342/174/1
f 356/175/1 355/173/1 269/171/1
f 286/176/1 285/170/1 342/174/1
f 356/175/1 269/171/1 268/177/1
f 286/176/1 342/174/1 341/178/1
f 357/179/1 356/175/1 268/177/1
f 287/180/1 286/176/1 341/178/1
f 357/179/1 268/177/1 267/181/1
f 287/180/1 341/178/1 340/182/1
f 358/183/1 357/179/1 267/181/1
f 287/180/1 340/182/1 339/184/1
f 359/185/1 358/183/1 267/181/1
f 288/186/1 287/180/1 339/184/1
f 359/185/1 267/181/1 266/187/1
f 288/186/1 339/184/1 338/188/1
f 360/189/1 359/185/1 266/187/1
f 289/190/1 288/186/1 338/188/1
f 360/189/1 266/187/1 265/191/1
f 289/190/1 338/188/1 337/192/1
f 313/193/1 360/189/1 265/191/1
f 290/194/1 289/190/1 337/192/1
f 290/194/1 337/192/1 336/195/1
f 314/196/1 313/193/1 265/191/1
f 314/196/1 265/191/1 312/197/1
f 290/194/1 336/195/1 335/198/1
f 315/199/1 314/196/1 312/197/1
f 291/200/1 290/194/1 335/198/1
f 315/199/1 312/197/1 311/201/1
f 291/200/1 335/198/1 334/202/1
f 316/203/1 315/199/1 311/201/1
f 292/204/1 291/200/1 334/202/1
f 316/203/1 311/201/1 310/205/1
f 317/206/1 316/203/1 310/205/1
f 292/204/1 334/202/1 333/207/1
f 318/208/1 317/206/1 310/205/1
f 292/204/1 333/207/1 332/209/1
f 293/210/1 292/204/1 332/209/1
f 318/208/1 310/205/1 309/211/1
f 319/212/1 318/208/1 309/211/1
f 293/210/1 332/209/1 331/213/1
f 294/214/1 293/210/1 331/213/1
f 319/212/1 309/211/1 308/215/1
f 320/216/1 319/212/1 308/215/1
f 294/214/1 331/213/1 330/217/1
f 321/218/1 320/216/1 308/215/1
f 294/214/1 330/217/1 329/219/1
f 295/220/1 294/214/1 329/219/1
f 321/218/1 308/215/1 307/221/1
f 322/222/1 321/218/1 307/221/1
f 295/220/1 329/219/1 328/223/1
f 323/224/1 322/222/1 307/221/1
f 295/220/1 328/223/1 327/225/1
f 324/226/1 323/224/1 307/221/1
f 295/220/1 327/225/1 326/227/1
f 296/228/1 295/220/1 326/227/1
f 324/226/1 307/221/1 306/229/1
f 325/230/1 324/226/1 306/229/1
f 296/228/1 326/227/1 325/230/1
f 296/228/1 325/230/1 306/229/1
f 297/231/1 296/228/1 306/229/1
f 297/231/1 306/229/1 305/232/1
f 298/233/1 297/231/1 305/232/1
f 298/233/1 305/232/1 304/234/1
f 299/235/1 298/233/1 304/234/1
f 299/235/1 304/234/1 303/236/1
f 300/237/1 299/235/1 303/236/1
f 300/237/1 303/236/1 302/238/1
f 301/239/1 300/237/1 302/238/1
f 363/240/1 362/241/1 361/242/1
f 363/240/1 361/242/1 364/243/1
f 391/244/1 390/245/1 389/246/1
f 392/247/1 391/244/1 389/246/1
f 393/248/1 392/247/1 389/246/1
f 393/248/1 389/246/1 388/249/1
f 394/250/1 393/248/1 388/249/1
f 394/250/1 388/249/1 387/251/1
f 395/252/1 394/250/1 387/251/1
f 396/253/1 395/252/1 387/251/1
f 396/253/1 387/251/1 386/254/1
f 397/255/1 396/253/1 386/254/1
f 398/256/1 397/255/1 386/254/1
f 398/256/1 386/254/1 385/257/1
f 399/258/1 398/256/1 385/257/1
f 400/259/1 399/258/1 385/257/1
f 400/259/1 385/257/1 384/260/1
f 401/261/1 400/259/1 384/260/1
f 402/262/1 401/261/1 384/260/1
f 402/262/1 384/260/1 383/263/1
f 403/264/1 402/262/1 404/265/1
f 404/265/1 402/262/1 405/266/1
f 405/266/1 402/262/1 406/267/1
f 406/267/1 402/262/1 407/268/1
f 407/268/1 402/262/1 408/269/1
f 408/269/1 402/262/1 409/270/1
f 409/270/1 402/262/1 410/271/1
f 410/271/1 402/262/1 411/272/1
f 411/272/1 402/262/1 412/273/1
f 412/273/1 402/262/1 413/274/1
f 413/274/1 402/262/1 414/275/1
f 414/275/1 402/262/1 383/263/1
f 414/275/1 383/263/1 415/276/1
f 415/276/1 383/263/1 416/277/1
f 416/277/1 383/263/1 417/278/1
f 417/278/1 383/263/1 382/279/1
f 418/280/1 417/278/1 382/279/1
f 419/281/1 418/280/1 382/279/1
f 420/282/1 419/281/1 382/279/1
f 420/282/1 382/279/1 381/283/1
f 421/284/1 420/282/1 381/283/1
f 422/285/1 421/284/1 381/283/1
f 423/286/1 422/285/1 381/283/1
f 424/287/1 423/286/1 381/283/1
f 424/287/1 381/283/1 380/288/1
f 425/289/1 424/287/1 380/288/1
f 426/290/1 425/289/1 380/288/1
f 426/290/1 380/288/1 379/291/1
f 427/292/1 426/290/1 379/291/1
f 428/293/1 427/292/1 379/291/1
f 428/293/1 379/291/1 378/294/1
f 429/295/1 428/293/1 378/294/1
f 430/296/1 429/295/1 378/294/1
f 430/296/1 378/294/1 377/297/1
f 431/298/1 430/296/1 377/297/1
f 432/299/1 431/298/1 377/297/1
f 432/299/1 377/297/1 376/300/1
f 433/301/1 432/299/1 376/300/1
f 433/301/1 376/300/1 375/302/1
f 434/303/1 433/301/1 375/302/1
f 435/304/1 434/303/1 375/302/1
f 435/304/1 375/302/1 374/305/1
f 436/306/1 435/304/1 374/305/1
f 436/306/1 374/305/1 373/307/1
f 437/308/1 436/306/1 373/307/1
f 438/309/1 437/308/1 373/307/1
f 438/309/1 373/307/1 372/310/1
f 439/311/1 438/309/1 372/310/1
f 440/312/1 439/311/1 372/310/1
f 440/312/1 372/310/1 371/313/1
f 441/314/1 440/312/1 371/313/1
f 441/314/1 371/313/1 370/315/1
f 442/316/1 441/314/1 370/315/1
f 442/316/1 370/315/1 369/317/1
f 443/318/1 442/316/1 369/317/1
f 444/319/1 443/318/1 369/317/1
f 444/319/1 369/317/1 368/320/1
f 445/321/1 444/319/1 368/320/1
f 445/321/1 368/320/1 367/322/1
f 446/323/1 445/321/1 367/322/1
f 446/323/1 367/322/1 366/324/1
f 447/325/1 446/323/1 366/324/1
f 448/326/1 447/325/1 366/324/1
f 448/326/1 366/324/1 365/327/1
f 448/326/1 365/327/1 453/328/1
f 449/329/1 448/326/1 453/328/1
f 450/330/1 449/329/1 453/328/1
f 451/331/1 450/330/1 453/328/1
f 452/332/1 451/331/1 453/328/1
f 2/333/1 1/334/1 73/335/1
f 3/336/1 2/333/1 73/335/1
f 4/337/1 3/336/1 73/335/1
f 4/337/1 73/335/1 72/338/1
f 4/337/1 72/338/1 71/339/1
f 5/340/1 4/337/1 71/339/1
f 5/340/1 71/339/1 70/341/1
f 5/340/1 70/341/1 69/342/1
f 6/343/1 5/340/1 69/342/1
f 6/343/1 69/342/1 68/344/1
f 6/343/1 68/344/1 67/345/1
f 7/346/1 6/343/1 67/345/1
f 7/346/1 67/345/1 66/347/1
f 7/346/1 66/347/1 65/348/1
f 8/349/1 7/346/1 65/348/1
f 8/349/1 65/348/1 64/350/1
f 9/351/1 8/349/1 64/350/1
f 9/351/1 64/350/1 63/352/1
f 9/351/1 63/352/1 62/353/1
f 10/354/1 9/351/1 62/353/1
f 50/355/1 49/356/1 48/357/1
f 51/358/1 50/355/1 48/357/1
f 52/359/1 51/358/1 48/357/1
f 52/359/1 48/357/1 47/360/1
f 53/361/1 52/359/1 47/360/1
f 54/362/1 53/361/1 47/360/1
f 10/354/1 62/353/1 61/363/1
f 55/364/1 54/362/1 47/360/1
f 55/364/1 47/360/1 46/365/1
f 56/366/1 55/364/1 46/365/1
f 57/367/1 56/366/1 46/365/1
f 58/368/1 57/367/1 46/365/1
f 58/368/1 46/365/1 45/369/1
f 59/370/1 58/368/1 45/369/1
f 60/371/1 59/370/1 45/369/1
f 61/363/1 60/371/1 45/369/1
f 61/363/1 45/369/1 44/372/1
f 10/354/1 61/363/1 44/372/1
f 11/373/1 10/354/1 44/372/1
f 11/373/1 44/372/1 43/374/1
f 11/373/1 43/374/1 42/375/1
f 12/376/1 11/373/1 83/377/1
f 83/377/1 11/373/1 84/378/1
f 84/378/1 11/373/1 42/375/1
f 84/378/1 42/375/1 85/379/1
f 85/379/1 42/375/1 86/380/1
f 86/380/1 42/375/1 41/381/1
f 87/382/1 86/380/1 41/381/1
f 88/383/1 87/382/1 41/381/1
f 12/376/1 83/377/1 82/384/1
f 12/376/1 82/384/1 81/385/1
f 89/386/1 88/383/1 41/381/1
f 89/386/1 41/381/1 40/387/1
f 12/376/1 81/385/1 80/388/1
f 12/376/1 80/388/1 79/389/1
f 90/390/1 89/386/1 40/387/1
f 12/376/1 79/389/1 78/391/1
f 91/392/1 90/390/1 40/387/1
f 12/376/1 78/391/1 77/393/1
f 12/376/1 77/393/1 76/394/1
f 92/395/1 91/392/1 40/387/1
f 12/376/1 76/394/1 75/396/1
f 13/397/1 12/376/1 75/396/1
f 92/395/1 40/387/1 39/398/1
f 13/397/1 75/396/1 74/399/1
f 93/400/1 92/395/1 39/398/1
f 13/397/1 74/399/1 121/401/1
f 94/402/1 93/400/1 39/398/1
f 95/403/1 94/402/1 39/398/1
f 95/403/1 39/398/1 38/404/1
f 13/397/1 121/401/1 120/405/1
f 96/406/1 95/403/1 38/404/1
f 14/407/1 13/397/1 120/405/1
f 97/408/1 96/406/1 38/404/1
f 97/408/1 38/404/1 37/409/1
f 14/407/1 120/405/1 119/410/1
f 98/411/1 97/408/1 37/409/1
f 15/412/1 14/407/1 119/410/1
f 99/413/1 98/411/1 37/409/1
f 99/413/1 37/409/1 36/414/1
f 15/412/1 119/410/1 118/415/1
f 100/416/1 99/413/1 36/414/1
f 15/412/1 118/415/1 117/417/1
f 100/416/1 36/414/1 35/418/1
f 16/419/1 15/412/1 117/417/1
f 101/420/1 100/416/1 35/418/1
f 102/421/1 101/420/1 35/418/1
f 16/419/1 117/417/1 116/422/1
f 102/421/1 35/418/1 34/423/1
f 103/424/1 102/421/1 34/423/1
f 17/425/1 16/419/1 116/422/1
f 17/425/1 116/422/1 115/426/1
f 104/427/1 103/424/1 34/423/1
f 17/425/1 115/426/1 114/428/1
f 104/427/1 34/423/1 33/429/1
f 105/430/1 104/427/1 33/429/1
f 18/431/1 17/425/1 114/428/1
f 18/431/1 114/428/1 113/432/1
f 106/433/1 105/430/1 33/429/1
f 107/434/1 106/433/1 33/429/1
f 18/431/1 113/432/1 112/435/1
f 107/434/1 33/429/1 32/436/1
f 108/437/1 107/434/1 32/436/1
f 18/431/1 112/435/1 111/438/1
f 109/439/1 108/437/1 32/436/1
f 18/431/1 111/438/1 110/440/1
f 110/440/1 109/439/1 32/436/1
f 18/431/1 110/440/1 32/436/1
f 19/441/1 18/431/1 32/436/1
f 19/441/1 32/436/1 31/442/1
f 20/443/1 19/441/1 31/442/1
f 20/443/1 31/442/1 30/444/1
f 21/445/1 20/443/1 30/444/1
f 21/445/1 30/444/1 29/446/1
f 22/447/1 21/445/1 29/446/1
f 22/447/1 29/446/1 28/448/1
f 23/449/1 22/447/1 28/448/1
f 23/449/1 28/448/1 27/450/1
f 24/451/1 23/449/1 27/450/1
f 24/451/1 27/450/1 26/452/1
f 25/453/1 24/451/1 26/452/1
f 600/454/3 601/455/3 1054/456/3 1053/457/3
f 840/458/4 841/459/4 1294/460/4 1293/461/4
f 544/462/5 545/463/5 998/464/5 997/465/5
f 501/466/6 502/467/6 955/468/6 954/469/6
f 729/470/7 730/471/7 1183/472/7 1182/473/7
f 529/474/8 530/475/8 983/476/8 982/477/8
f 601/455/9 602/478/9 1055/479/9 1054/456/9
f 502/467/10 503/480/10 956/481/10 955/468/10
f 730/471/11 731/482/11 1184/483/11 1183/472/11
f 846/484/12 847/485/12 1300/486/12 1299/487/12
f 530/475/13 531/488/13 984/489/13 983/476/13
f 602/478/14 603/490/14 1056/491/14 1055/479/14
f 642/492/15 643/493/15 1096/494/15 1095/495/15
f 841/459/16 842/496/16 1295/497/16 1294/460/16
f 462/498/17 463/499/17 916/500/17 915/501/17
f 641/502/18 642/503/18 1095/504/18 1094/505/18
f 515/506/19 516/507/19 969/508/19 968/509/19
f 603/490/20 604/510/20 1057/511/20 1056/491/20
f 643/493/21 644/512/21 1097/513/21 1096/494/21
f 543/514/22 544/462/22 997/465/22 996/515/22
f 845/516/23 846/484/23 1299/487/23 1298/517/23
f 531/488/24 532/518/24 985/519/24 984/489/24
f 516/507/25 517/520/25 970/521/25 969/508/25
f 608/522/26 609/523/26 1062/524/26 1061/525/26
f 644/512/27 645/526/27 1098/527/27 1097/513/27
f 607/528/18 608/529/18 1061/530/18 1060/531/18
f 844/532/28 845/516/28 1298/517/28 1297/533/28
f 609/529/29 610/528/29 1063/531/29 1062/530/29
f 645/526/30 646/534/30 1099/535/30 1098/527/30
f 842/496/31 843/536/31 1296/537/31 1295/497/31
f 542/538/32 543/514/32 996/515/32 995/539/32
f 461/540/33 462/498/33 915/501/33 914/541/33
f 532/518/34 533/542/34 986/543/34 985/519/34
f 517/520/35 518/544/35 971/545/35 970/521/35
f 646/534/36 647/546/36 1100/547/36 1099/535/36
f 843/536/37 844/532/37 1297/533/37 1296/537/37
f 606/548/38 607/522/38 1060/525/38 1059/549/38
f 817/492/26 814/550/26 1267/551/26 1270/495/26
f 533/542/39 534/552/39 987/553/39 986/543/39
f 647/546/40 648/554/40 1101/555/40 1100/547/40
f 816/556/18 817/557/18 1270/558/18 1269/559/18
f 460/560/41 461/540/41 914/541/41 913/561/41
f 605/562/42 606/548/42 1059/549/42 1058/563/42
f 814/557/29 815/556/29 1268/559/29 1267/558/29
f 493/564/43 494/565/43 947/566/43 946/567/43
f 518/544/44 519/568/44 972/569/44 971/545/44
f 648/554/45 649/570/45 1102/571/45 1101/555/45
f 604/510/46 605/562/46 1058/563/46 1057/511/46
f 815/550/47 816/492/47 1269/495/47 1268/551/47
f 519/568/48 520/572/48 973/573/48 972/569/48
f 610/523/49 611/574/49 1064/575/49 1063/524/49
f 649/570/50 650/576/50 1103/577/50 1102/571/50
f 754/471/51 755/578/51 1208/579/51 1207/472/51
f 541/580/52 542/538/52 995/539/52 994/581/52
f 753/482/53 754/471/53 1207/472/53 1206/483/53
f 534/552/54 535/582/54 988/583/54 987/553/54
f 615/584/55 616/585/55 1069/586/55 1068/587/55
f 650/576/56 651/588/56 1104/589/56 1103/577/56
f 755/578/57 756/590/57 1209/591/57 1208/579/57
f 459/592/58 460/560/58 913/561/58 912/593/58
f 614/594/59 615/584/59 1068/587/59 1067/595/59
f 535/582/60 536/596/60 989/597/60 988/583/60
f 520/572/61 521/598/61 974/599/61 973/573/61
f 651/588/62 652/600/62 1105/601/62 1104/589/62
f 613/602/59 614/594/59 1067/595/59 1066/603/59
f 752/604/63 753/482/63 1206/483/63 1205/605/63
f 521/598/64 522/606/64 975/607/64 974/599/64
f 616/585/65 617/608/65 1070/609/65 1069/586/65
f 652/600/66 653/610/66 1106/611/66 1105/601/66
f 756/590/67 757/612/67 1210/613/67 1209/591/67
f 540/614/68 541/580/68 994/581/68 993/615/68
f 653/610/69 654/616/69 1107/617/69 1106/611/69
f 539/618/70 540/614/70 993/615/70 992/619/70
f 458/620/71 459/592/71 912/593/71 911/621/71
f 612/622/55 613/602/55 1066/603/55 1065/623/55
f 494/565/72 495/624/72 948/625/72 947/566/72
f 751/626/73 752/604/73 1205/605/73 1204/627/73
f 522/628/74 523/629/74 976/630/74 975/631/74
f 617/608/49 618/632/49 1071/633/49 1070/609/49
f 757/612/75 758/634/75 1211/635/75 1210/613/75
f 640/636/76 641/492/76 1094/495/76 1093/637/76
f 523/629/77 524/638/77 977/639/77 976/630/77
f 618/632/78 619/640/78 1072/641/78 1071/633/78
f 654/616/79 655/642/79 1108/643/79 1107/617/79
f 750/644/80 751/626/80 1204/627/80 1203/645/80
f 619/640/81 620/646/81 1073/647/81 1072/641/81
f 758/648/82 759/649/82 1212/650/82 1211/651/82
f 457/652/83 458/620/83 911/621/83 910/653/83
f 639/654/84 640/636/84 1093/637/84 1092/655/84
f 524/638/85 525/656/85 978/657/85 977/639/85
f 655/642/86 656/658/86 1109/659/86 1108/643/86
f 611/574/65 612/622/65 1065/623/65 1064/575/65
f 749/649/87 750/660/87 1203/661/87 1202/650/87
f 525/656/88 526/662/88 979/663/88 978/657/88
f 620/646/89 621/664/89 1074/665/89 1073/647/89
f 656/658/90 657/666/90 1110/667/90 1109/659/90
f 778/471/91 779/668/91 1232/669/91 1231/472/91
f 456/670/92 457/671/92 910/672/92 909/673/92
f 638/674/93 639/654/93 1092/655/93 1091/675/93
f 657/666/94 658/676/94 1111/677/94 1110/667/94
f 777/678/95 778/471/95 1231/472/95 1230/679/95
f 455/680/96 456/670/96 909/673/96 908/681/96
f 759/649/97 760/682/97 1213/683/97 1212/650/97
f 526/684/98 454/685/98 907/686/98 979/687/98
f 621/664/99 622/688/99 1075/689/99 1074/665/99
f 637/690/100 638/674/100 1091/675/100 1090/691/100
f 454/692/101 455/680/101 908/681/101 907/693/101
f 623/688/26 590/550/26 1043/551/26 1076/689/26
f 658/676/102 659/694/102 1112/695/102 1111/677/102
f 748/682/103 749/649/103 1202/650/103 1201/683/103
f 905/696/18 906/697/18 1359/698/18 1358/699/18
f 622/528/18 623/700/18 1076/701/18 1075/531/18
f 779/668/104 780/702/104 1233/703/104 1232/669/104
f 904/704/47 905/492/47 1358/495/47 1357/705/47
f 590/700/29 591/706/29 1044/707/29 1043/701/29
f 636/708/105 637/690/105 1090/691/105 1089/709/105
f 903/710/106 904/704/106 1357/705/106 1356/711/106
f 659/694/107 660/712/107 1113/713/107 1112/695/107
f 776/714/108 777/678/108 1230/679/108 1229/715/108
f 780/702/109 781/716/109 1234/717/109 1233/703/109
f 902/718/110 903/710/110 1356/711/110 1355/719/110
f 591/550/47 592/492/47 1045/495/47 1044/551/47
f 584/720/18 585/721/18 1038/722/18 1037/723/18
f 635/724/111 636/708/111 1089/709/111 1088/725/111
f 901/726/112 902/718/112 1355/719/112 1354/727/112
f 588/728/18 589/729/18 1042/730/18 1041/731/18
f 660/712/113 661/732/113 1114/733/113 1113/713/113
f 775/734/114 776/714/114 1229/715/114 1228/735/114
f 906/492/26 818/736/26 1271/737/26 1359/495/26
f 587/738/47 588/492/47 1041/495/47 1040/739/47
f 781/716/115 782/740/115 1235/741/115 1234/717/115
f 585/742/116 586/738/116 1039/739/116 1038/743/116
f 818/697/29 819/744/29 1272/745/29 1271/698/29
f 634/746/117 635/747/117 1088/748/117 1087/749/117
f 661/732/118 662/750/118 1115/751/118 1114/733/118
f 774/752/119 775/734/119 1228/735/119 1227/753/119
f 583/738/120 584/742/120 1037/743/120 1036/739/120
f 760/682/121 761/754/121 1214/755/121 1213/683/121
f 900/756/122 901/726/122 1354/727/122 1353/757/122
f 581/492/26 582/738/26 1035/739/26 1034/495/26
f 580/758/18 581/759/18 1034/760/18 1033/761/18
f 633/762/123 634/746/123 1087/749/123 1086/763/123
f 899/764/124 900/756/124 1353/757/124 1352/765/124
f 589/492/26 575/550/26 1028/551/26 1042/495/26
f 747/754/125 748/682/125 1201/683/125 1200/755/125
f 819/736/126 820/766/126 1273/767/126 1272/737/126
f 632/768/127 633/762/127 1086/763/127 1085/769/127
f 782/770/128 783/771/128 1236/772/128 1235/773/128
f 662/750/129 663/774/129 1116/775/129 1115/751/129
f 586/776/18 587/728/18 1040/731/18 1039/777/18
f 898/778/130 899/764/130 1352/765/130 1351/779/130
f 773/771/131 774/770/131 1227/773/131 1226/772/131
f 820/766/132 821/780/132 1274/781/132 1273/767/132
f 631/782/133 632/768/133 1085/769/133 1084/783/133
f 783/771/134 784/784/134 1237/785/134 1236/772/134
f 575/729/29 576/786/29 1029/787/29 1028/730/29
f 630/788/135 631/782/135 1084/783/135 1083/789/135
f 897/790/136 898/778/136 1351/779/136 1350/791/136
f 576/550/137 577/792/137 1030/793/137 1029/551/137
f 772/784/138 773/771/138 1226/772/138 1225/785/138
f 821/780/139 822/794/139 1275/795/139 1274/781/139
f 577/792/140 578/550/140 1031/551/140 1030/793/140
f 629/796/141 630/788/141 1083/789/141 1082/797/141
f 761/754/142 762/798/142 1215/799/142 1214/755/142
f 626/492/26 627/800/26 1080/801/26 1079/495/26
f 625/802/18 626/803/18 1079/804/18 1078/805/18
f 896/806/143 897/790/143 1350/791/143 1349/807/143
f 582/759/18 583/808/18 1036/809/18 1035/760/18
f 663/810/144 664/811/144 1117/812/144 1116/813/144
f 746/798/145 747/754/145 1200/755/145 1199/799/145
f 784/784/146 785/814/146 1238/815/146 1237/785/146
f 895/816/147 896/806/147 1349/807/147 1348/817/147
f 822/794/148 823/818/148 1276/819/148 1275/795/148
f 578/820/29 579/758/29 1032/761/29 1031/821/29
f 628/822/149 629/796/149 1082/797/149 1081/823/149
f 771/814/150 772/784/150 1225/785/150 1224/815/150
f 579/550/47 580/492/47 1033/495/47 1032/551/47
f 627/803/18 628/822/18 1081/823/18 1080/804/18
f 762/798/151 763/824/151 1216/825/151 1215/799/151
f 894/826/152 895/816/152 1348/817/152 1347/827/152
f 664/811/153 665/828/153 1118/829/153 1117/812/153
f 823/818/154 824/830/154 1277/831/154 1276/819/154
f 665/828/155 666/832/155 1119/833/155 1118/829/155
f 745/824/156 746/798/156 1199/799/156 1198/825/156
f 785/814/157 786/834/157 1239/835/157 1238/815/157
f 893/836/158 894/826/158 1347/827/158 1346/837/158
f 666/832/159 667/838/159 1120/839/159 1119/833/159
f 824/830/160 825/840/160 1278/841/160 1277/831/160
f 667/838/161 668/842/161 1121/843/161 1120/839/161
f 770/834/162 771/814/162 1224/815/162 1223/835/162
f 786/834/163 787/844/163 1240/845/163 1239/835/163
f 892/846/164 893/836/164 1346/837/164 1345/847/164
f 668/842/165 669/848/165 1122/849/165 1121/843/165
f 478/850/166 479/851/166 932/852/166 931/853/166
f 891/854/167 892/846/167 1345/847/167 1344/855/167
f 477/856/168 478/850/168 931/853/168 930/857/168
f 669/848/169 670/858/169 1123/859/169 1122/849/169
f 769/844/170 770/834/170 1223/835/170 1222/845/170
f 825/840/171 826/860/171 1279/861/171 1278/841/171
f 479/851/172 480/862/172 933/863/172 932/852/172
f 763/824/173 764/864/173 1217/865/173 1216/825/173
f 670/866/174 671/867/174 1124/868/174 1123/869/174
f 890/870/175 891/854/175 1344/855/175 1343/871/175
f 476/872/176 477/856/176 930/857/176 929/873/176
f 744/864/177 745/824/177 1198/825/177 1197/865/177
f 480/862/178 481/874/178 934/875/178 933/863/178
f 716/876/29 717/803/29 1170/804/29 1169/877/29
f 889/878/179 890/870/179 1343/871/179 1342/879/179
f 768/880/180 769/844/180 1222/845/180 1221/881/180
f 826/860/181 827/882/181 1280/883/181 1279/861/181
f 787/844/182 788/880/182 1241/881/182 1240/845/182
f 475/884/183 476/872/183 929/873/183 928/885/183
f 481/874/184 482/886/184 935/887/184 934/875/184
f 764/864/185 765/888/185 1218/889/185 1217/865/185
f 888/890/186 889/878/186 1342/879/186 1341/891/186
f 715/892/187 716/876/187 1169/877/187 1168/893/187
f 827/882/188 828/894/188 1281/895/188 1280/883/188
f 474/896/189 475/884/189 928/885/189 927/897/189
f 714/898/190 715/892/190 1168/893/190 1167/899/190
f 743/888/191 744/864/191 1197/865/191 1196/889/191
f 482/886/192 483/900/192 936/901/192 935/887/192
f 671/867/193 672/902/193 1125/903/193 1124/868/193
f 887/904/194 888/890/194 1341/891/194 1340/905/194
f 767/906/195 768/880/195 1221/881/195 1220/907/195
f 788/880/196 789/908/196 1242/909/196 1241/881/196
f 886/910/197 887/904/197 1340/905/197 1339/911/197
f 473/912/198 474/896/198 927/897/198 926/913/198
f 713/914/199 714/898/199 1167/899/199 1166/915/199
f 828/894/200 829/916/200 1282/917/200 1281/895/200
f 483/900/201 484/918/201 937/919/201 936/901/201
f 765/888/202 718/920/202 1171/921/202 1218/889/202
f 712/922/203 713/914/203 1166/915/203 1165/923/203
f 672/902/204 673/924/204 1126/925/204 1125/903/204
f 885/926/205 886/910/205 1339/911/205 1338/927/205
f 472/928/206 473/912/206 926/913/206 925/929/206
f 766/920/207 767/906/207 1220/907/207 1219/921/207
f 829/916/208 830/930/208 1283/931/208 1282/917/208
f 484/932/209 485/933/209 938/934/209 937/935/209
f 789/908/210 790/920/210 1243/921/210 1242/909/210
f 711/936/211 712/922/211 1165/923/211 1164/937/211
f 884/938/212 885/926/212 1338/927/212 1337/939/212
f 471/940/213 472/941/213 925/942/213 924/943/213
f 710/944/214 711/936/214 1164/937/214 1163/945/214
f 742/920/215 743/888/215 1196/889/215 1195/921/215
f 673/924/216 674/946/216 1127/947/216 1126/925/216
f 883/948/217 884/938/217 1337/939/217 1336/949/217
f 813/950/218 766/920/218 1219/921/218 1266/951/218
f 830/930/219 831/952/219 1284/953/219 1283/931/219
f 562/954/220 563/955/220 1016/956/220 1015/957/220
f 790/920/221 791/950/221 1244/951/221 1243/921/221
f 563/955/222 564/958/222 1017/959/222 1016/956/222
f 709/960/223 710/961/223 1163/962/223 1162/963/223
f 674/946/224 675/964/224 1128/965/224 1127/947/224
f 718/920/225 719/966/225 1172/967/225 1171/921/225
f 882/968/226 883/948/226 1336/949/226 1335/969/226
f 561/970/227 562/954/227 1015/957/227 1014/971/227
f 881/972/228 882/968/228 1335/969/228 1334/973/228
f 564/958/229 565/974/229 1018/975/229 1017/959/229
f 708/976/230 709/960/230 1162/963/230 1161/977/230
f 741/978/231 742/920/231 1195/921/231 1194/979/231
f 831/952/232 832/980/232 1285/981/232 1284/953/232
f 675/964/233 676/982/233 1129/983/233 1128/965/233
f 812/984/234 813/950/234 1266/951/234 1265/985/234
f 560/986/235 561/970/235 1014/971/235 1013/987/235
f 791/950/236 792/984/236 1245/985/236 1244/951/236
f 880/988/237 881/972/237 1334/973/237 1333/989/237
f 485/933/238 486/990/238 939/991/238 938/934/238
f 707/992/239 708/976/239 1161/977/239 1160/993/239
f 719/966/240 720/994/240 1173/995/240 1172/967/240
f 879/996/241 880/988/241 1333/989/241 1332/997/241
f 565/974/242 566/998/242 1019/999/242 1018/975/242
f 706/1000/243 707/992/243 1160/993/243 1159/1001/243
f 832/980/244 833/1002/244 1286/1003/244 1285/981/244
f 676/982/245 677/1004/245 1130/1005/245 1129/983/245
f 740/994/246 741/978/246 1194/979/246 1193/995/246
f 559/1006/247 560/986/247 1013/987/247 1012/1007/247
f 878/1008/248 879/996/248 1332/997/248 1331/1009/248
f 705/1010/249 706/1000/249 1159/1001/249 1158/1011/249
f 811/1012/250 812/984/250 1265/985/250 1264/1013/250
f 558/1014/251 559/1006/251 1012/1007/251 1011/1015/251
f 677/1004/252 678/1016/252 1131/1017/252 1130/1005/252
f 792/984/253 793/1012/253 1246/1013/253 1245/985/253
f 877/1018/254 878/1008/254 1331/1009/254 1330/1019/254
f 566/998/255 567/1020/255 1020/1021/255 1019/999/255
f 833/1002/256 834/1022/256 1287/1023/256 1286/1003/256
f 704/1024/257 705/1010/257 1158/1011/257 1157/1025/257
f 810/1026/258 811/1012/258 1264/1013/258 1263/1027/258
f 470/1028/259 471/940/259 924/943/259 923/1029/259
f 793/1012/260 794/1026/260 1247/1027/260 1246/1013/260
f 876/1030/261 877/1031/261 1330/1032/261 1329/1033/261
f 703/1034/262 704/1024/262 1157/1025/262 1156/1035/262
f 557/1036/263 558/1014/263 1011/1015/263 1010/1037/263
f 720/994/264 721/1038/264 1174/1039/264 1173/995/264
f 875/1040/265 876/1030/265 1329/1033/265 1328/1041/265
f 486/990/266 487/1042/266 940/1043/266 939/991/266
f 702/1044/267 703/1034/267 1156/1035/267 1155/1045/267
f 678/1016/268 679/1046/268 1132/1047/268 1131/1017/268
f 874/1048/133 875/1040/133 1328/1041/133 1327/1049/133
f 567/1020/269 568/1050/269 1021/1051/269 1020/1021/269
f 739/1038/270 740/994/270 1193/995/270 1192/1039/270
f 693/1052/271 694/1053/271 1147/1054/271 1146/1055/271
f 873/1056/272 874/1048/272 1327/1049/272 1326/1057/272
f 692/1058/273 693/1052/273 1146/1055/273 1145/1059/273
f 809/1060/274 810/1026/274 1263/1027/274 1262/1061/274
f 834/1022/275 835/1062/275 1288/1063/275 1287/1023/275
f 556/1064/276 557/1065/276 1010/1066/276 1009/1067/276
f 694/1053/277 695/1068/277 1148/1069/277 1147/1054/277
f 794/1026/278 795/1060/278 1248/1061/278 1247/1027/278
f 568/1070/279 569/1071/279 1022/1072/279 1021/1073/279
f 721/1038/280 722/1074/280 1175/1075/280 1174/1039/280
f 872/1076/281 873/1056/281 1326/1057/281 1325/1077/281
f 701/1078/282 702/1044/282 1155/1045/282 1154/1079/282
f 469/1080/283 470/1028/283 923/1029/283 922/1081/283
f 695/1068/284 696/1082/284 1149/1083/284 1148/1069/284
f 871/1084/285 872/1076/285 1325/1077/285 1324/1085/285
f 738/1074/286 739/1038/286 1192/1039/286 1191/1075/286
f 555/1086/287 556/1064/287 1009/1067/287 1008/1087/287
f 870/1088/288 871/1084/288 1324/1085/288 1323/1089/288
f 487/1042/289 488/1090/289 941/1091/289 940/1043/289
f 700/1092/290 701/1078/290 1154/1079/290 1153/1093/290
f 808/1094/291 809/1060/291 1262/1061/291 1261/1095/291
f 835/1062/292 836/1096/292 1289/1097/292 1288/1063/292
f 696/1082/293 697/1098/293 1150/1099/293 1149/1083/293
f 795/1060/294 796/1094/294 1249/1095/294 1248/1061/294
f 569/1071/295 570/1100/295 1023/1101/295 1022/1072/295
f 697/1098/296 698/1102/296 1151/1103/296 1150/1099/296
f 869/1104/297 870/1088/297 1323/1089/297 1322/1105/297
f 807/1106/298 808/1094/298 1261/1095/298 1260/1107/298
f 554/1108/299 555/1086/299 1008/1087/299 1007/1109/299
f 796/1094/300 797/1106/300 1250/1107/300 1249/1095/300
f 868/1110/301 869/1104/301 1322/1105/301 1321/1111/301
f 699/1112/302 700/1113/302 1153/1114/302 1152/1115/302
f 553/1116/303 554/1108/303 1007/1109/303 1006/1117/303
f 679/1046/304 680/1118/304 1133/1119/304 1132/1047/304
f 722/1074/305 723/1120/305 1176/1121/305 1175/1075/305
f 867/1122/306 868/1110/306 1321/1111/306 1320/1123/306
f 468/1124/307 469/1080/307 922/1081/307 921/1125/307
f 538/1126/308 539/618/308 992/619/308 991/1127/308
f 488/1090/309 489/1128/309 942/1129/309 941/1091/309
f 698/1102/310 699/1112/310 1152/1115/310 1151/1103/310
f 737/1120/311 738/1074/311 1191/1075/311 1190/1121/311
f 866/1130/312 867/1122/312 1320/1123/312 1319/1131/312
f 537/1132/313 538/1126/313 991/1127/313 990/1133/313
f 570/1100/314 571/1134/314 1024/1135/314 1023/1101/314
f 806/1136/315 807/1106/315 1260/1107/315 1259/1137/315
f 865/1138/316 866/1130/316 1319/1131/316 1318/1139/316
f 680/1118/317 681/1140/317 1134/1141/317 1133/1119/317
f 797/1106/318 798/1136/318 1251/1137/318 1250/1107/318
f 536/596/319 537/1132/319 990/1133/319 989/597/319
f 864/1142/320 865/1138/320 1318/1139/320 1317/1143/320
f 552/1144/321 553/1116/321 1006/1117/321 1005/1145/321
f 681/1140/322 682/1146/322 1135/1147/322 1134/1141/322
f 571/1134/323 572/1148/323 1025/1149/323 1024/1135/323
f 805/1150/324 806/1151/324 1259/1152/324 1258/1153/324
f 863/1154/325 864/1142/325 1317/1143/325 1316/1155/325
f 464/1156/326 465/1157/326 918/1158/326 917/1159/326
f 798/1160/327 799/1161/327 1252/1162/327 1251/1163/327
f 489/1128/328 490/1164/328 943/1165/328 942/1129/328
f 495/624/329 496/1166/329 949/1167/329 948/625/329
f 691/803/330 692/1058/330 1145/1059/330 1144/804/330
f 862/1168/331 863/1154/331 1316/1155/331 1315/1169/331
f 717/1170/26 691/1171/26 1144/1172/26 1170/1173/26
f 496/1174/332 497/1175/332 950/1176/332 949/1177/332
f 804/1178/333 805/1150/333 1258/1153/333 1257/1179/333
f 861/1180/334 862/1168/334 1315/1169/334 1314/1181/334
f 551/1182/335 552/1144/335 1005/1145/335 1004/1183/335
f 682/1146/336 683/1184/336 1136/1185/336 1135/1147/336
f 799/1161/337 800/1186/337 1253/1187/337 1252/1162/337
f 860/1188/338 861/1180/338 1314/1181/338 1313/1189/338
f 467/1190/339 468/1124/339 921/1125/339 920/1191/339
f 463/499/340 464/1156/340 917/1159/340 916/500/340
f 683/1192/341 684/1193/341 1137/1194/341 1136/1195/341
f 723/1120/342 724/1196/342 1177/1197/342 1176/1121/342
f 859/1198/343 860/1188/343 1313/1189/343 1312/1199/343
f 550/1200/344 551/1182/344 1004/1183/344 1003/1201/344
f 497/1175/345 498/1202/345 951/1203/345 950/1176/345
f 684/1193/346 685/1204/346 1138/1205/346 1137/1194/346
f 572/1148/347 573/1206/347 1026/1207/347 1025/1149/347
f 736/1196/348 737/1120/348 1190/1121/348 1189/1197/348
f 858/1208/349 859/1198/349 1312/1199/349 1311/1209/349
f 685/1204/350 686/1210/350 1139/1211/350 1138/1205/350
f 490/1164/351 491/1212/351 944/1213/351 943/1165/351
f 513/1214/352 514/1215/352 967/1216/352 966/1217/352
f 803/1218/353 804/1178/353 1257/1179/353 1256/1219/353
f 857/1220/354 858/1221/354 1311/1222/354 1310/1223/354
f 686/1210/355 687/1224/355 1140/1225/355 1139/1211/355
f 800/1186/356 801/1226/356 1254/1227/356 1253/1187/356
f 512/1228/357 513/1214/357 966/1217/357 965/1229/357
f 856/1230/358 857/1220/358 1310/1223/358 1309/1231/358
f 549/1232/359 550/1200/359 1003/1201/359 1002/1233/359
f 687/1224/360 688/1234/360 1141/1235/360 1140/1225/360
f 855/1236/47 856/1230/47 1309/1231/47 1308/1237/47
f 511/1238/361 512/1228/361 965/1229/361 964/1239/361
f 802/471/362 803/1218/362 1256/1219/362 1255/472/362
f 836/1096/363 837/1240/363 1290/1241/363 1289/1097/363
f 466/1242/364 467/1190/364 920/1191/364 919/1243/364
f 498/1202/365 499/1244/365 952/1245/365 951/1203/365
f 688/1234/366 689/1246/366 1142/1247/366 1141/1235/366
f 801/1226/367 802/471/367 1255/472/367 1254/1227/367
f 548/1248/368 549/1232/368 1002/1233/368 1001/1249/368
f 689/1246/369 690/1250/369 1143/1251/369 1142/1247/369
f 724/1196/370 725/1252/370 1178/1253/370 1177/1197/370
f 854/1254/371 855/1255/371 1308/1256/371 1307/1257/371
f 573/1206/372 574/1258/372 1027/1259/372 1026/1207/372
f 510/1260/373 511/1238/373 964/1239/373 963/1261/373
f 690/1250/29 624/802/29 1077/805/29 1143/1251/29
f 853/1262/374 854/1254/374 1307/1257/374 1306/1263/374
f 491/1212/375 492/1264/375 945/1265/375 944/1213/375
f 509/1266/376 510/1260/376 963/1261/376 962/1267/376
f 837/1268/377 838/1269/377 1291/1270/377 1290/1271/377
f 508/1272/378 509/1266/378 962/1267/378 961/1273/378
f 735/1252/379 736/1196/379 1189/1197/379 1188/1253/379
f 547/1274/380 548/1248/380 1001/1249/380 1000/1275/380
f 499/1244/381 500/1276/381 953/1277/381 952/1245/381
f 624/550/47 625/492/47 1078/495/47 1077/551/47
f 725/1252/382 726/1278/382 1179/1279/382 1178/1253/382
f 852/1280/383 853/1262/383 1306/1263/383 1305/1281/383
f 593/492/26 594/1282/26 1047/1283/26 1046/495/26
f 546/1284/384 547/1274/384 1000/1275/384 999/1285/384
f 592/706/18 593/1286/18 1046/1287/18 1045/707/18
f 851/1288/385 852/1280/385 1305/1281/385 1304/1289/385
f 574/1258/386 527/1290/386 980/1291/386 1027/1259/386
f 507/1292/387 508/1272/387 961/1273/387 960/1293/387
f 594/1286/29 595/528/29 1048/531/29 1047/1287/29
f 734/1278/388 735/1252/388 1188/1253/388 1187/1279/388
f 838/1269/389 839/1294/389 1292/1295/389 1291/1270/389
f 514/1296/390 515/506/390 968/509/390 967/1297/390
f 595/1282/14 596/1298/14 1049/1299/14 1048/1283/14
f 733/626/391 734/644/391 1187/645/391 1186/627/391
f 545/1300/392 546/1284/392 999/1285/392 998/1301/392
f 726/1302/393 727/1303/393 1180/1304/393 1179/1305/393
f 850/1306/394 851/1288/394 1304/1289/394 1303/1307/394
f 527/1308/395 528/1309/395 981/1310/395 980/1311/395
f 506/1312/396 507/1292/396 960/1293/396 959/1313/396
f 596/1298/9 597/1314/9 1050/1315/9 1049/1299/9
f 849/1316/397 850/1306/397 1303/1307/397 1302/1317/397
f 492/1264/398 493/564/398 946/567/398 945/1265/398
f 505/1318/399 506/1312/399 959/1313/399 958/1319/399
f 597/1314/3 598/1320/3 1051/1321/3 1050/1315/3
f 732/604/400 733/626/400 1186/627/400 1185/605/400
f 839/1294/401 840/458/401 1293/461/401 1292/1295/401
f 500/1276/402 501/466/402 954/469/402 953/1277/402
f 727/1303/403 728/1322/403 1181/1323/403 1180/1304/403
f 598/1320/404 599/1324/404 1052/1325/404 1051/1321/404
f 465/1157/405 466/1242/405 919/1243/405 918/1158/405
f 251/79/2 252/80/2 705/80/2 704/79/2
f 380/288/2 381/283/2 834/283/2 833/288/2
f 77/393/2 78/391/2 531/391/2 530/393/2
f 424/287/2 425/289/2 878/289/2 877/287/2
f 339/184/2 340/182/2 793/182/2 792/184/2
f 224/81/2 225/77/2 678/77/2 677/81/2
f 358/183/2 359/185/2 812/185/2 811/183/2
f 252/80/2 253/82/2 706/82/2 705/80/2
f 76/394/2 77/393/2 530/393/2 529/394/2
f 425/289/2 426/290/2 879/290/2 878/289/2
f 91/392/2 92/395/2 545/395/2 544/392/2
f 287/180/2 288/186/2 741/186/2 740/180/2
f 223/83/2 224/81/2 677/81/2 676/83/2
f 379/291/2 380/288/2 833/288/2 832/291/2
f 253/82/2 254/84/2 707/84/2 706/82/2
f 75/396/2 76/394/2 529/394/2 528/396/2
f 426/290/2 427/292/2 880/292/2 879/290/2
f 266/187/2 267/181/2 720/181/2 719/187/2
f 12/376/2 13/397/2 466/397/2 465/376/2
f 254/84/2 255/85/2 708/85/2 707/84/2
f 427/292/2 428/293/2 881/293/2 880/292/2
f 338/188/2 339/184/2 792/184/2 791/188/2
f 359/185/2 360/189/2 813/189/2 812/185/2
f 39/398/2 40/387/2 493/387/2 492/398/2
f 222/86/2 223/83/2 676/83/2 675/86/2
f 378/294/2 379/291/2 832/291/2 831/294/2
f 288/186/2 289/190/2 742/190/2 741/186/2
f 255/85/2 256/87/2 709/87/2 708/85/2
f 74/399/2 75/396/2 528/396/2 527/399/2
f 428/293/2 429/295/2 882/295/2 881/293/2
f 92/395/2 93/400/2 546/400/2 545/395/2
f 429/295/2 430/296/2 883/296/2 882/295/2
f 265/191/2 266/187/2 719/187/2 718/191/2
f 221/88/2 222/86/2 675/86/2 674/88/2
f 256/87/2 257/89/2 710/89/2 709/87/2
f 121/401/2 74/399/2 527/399/2 574/401/2
f 337/192/2 338/188/2 791/188/2 790/192/2
f 93/400/2 94/402/2 547/402/2 546/400/2
f 377/297/2 378/294/2 831/294/2 830/297/2
f 360/189/2 313/193/2 766/193/2 813/189/2
f 430/296/2 431/298/2 884/298/2 883/296/2
f 220/90/2 221/88/2 674/88/2 673/90/2
f 94/402/2 95/403/2 548/403/2 547/402/2
f 289/190/2 290/194/2 743/194/2 742/190/2
f 257/89/2 258/91/2 711/91/2 710/89/2
f 431/298/2 432/299/2 885/299/2 884/298/2
f 258/91/2 259/92/2 712/92/2 711/91/2
f 38/404/2 39/398/2 492/398/2 491/404/2
f 336/195/2 337/192/2 790/192/2 789/195/2
f 376/300/2 377/297/2 830/297/2 829/300/2
f 313/193/2 314/196/2 767/196/2 766/193/2
f 120/405/2 121/401/2 574/401/2 573/405/2
f 432/299/2 433/301/2 886/301/2 885/299/2
f 219/93/2 220/90/2 673/90/2 672/93/2
f 95/403/2 96/406/2 549/406/2 548/403/2
f 259/92/2 260/94/2 713/94/2 712/92/2
f 312/197/2 265/191/2 718/191/2 765/197/2
f 13/397/2 14/407/2 467/407/2 466/397/2
f 375/302/2 376/300/2 829/300/2 828/302/2
f 260/94/2 261/95/2 714/95/2 713/94/2
f 433/301/2 434/303/2 887/303/2 886/301/2
f 335/198/2 336/195/2 789/195/2 788/198/2
f 96/406/2 97/408/2 550/408/2 549/406/2
f 314/196/2 315/199/2 768/199/2 767/196/2
f 434/303/2 435/304/2 888/304/2 887/303/2
f 218/96/2 219/93/2 672/93/2 671/96/2
f 290/194/2 291/200/2 744/200/2 743/194/2
f 261/95/2 262/97/2 715/97/2 714/95/2
f 37/409/2 38/404/2 491/404/2 490/409/2
f 374/305/2 375/302/2 828/302/2 827/305/2
f 262/97/2 263/98/2 716/98/2 715/97/2
f 119/410/2 120/405/2 573/405/2 572/410/2
f 435/304/2 436/306/2 889/306/2 888/304/2
f 311/201/2 312/197/2 765/197/2 764/201/2
f 97/408/2 98/411/2 551/411/2 550/408/2
f 334/202/2 335/198/2 788/198/2 787/202/2
f 14/407/2 15/412/2 468/412/2 467/407/2
f 373/307/2 374/305/2 827/305/2 826/307/2
f 315/199/2 316/203/2 769/203/2 768/199/2
f 436/306/2 437/308/2 890/308/2 889/306/2
f 263/98/2 264/62/2 717/62/2 716/98/2
f 98/411/2 99/413/2 552/413/2 551/411/2
f 291/200/2 292/204/2 745/204/2 744/200/2
f 437/308/2 438/309/2 891/309/2 890/308/2
f 217/100/2 218/96/2 671/96/2 670/100/2
f 36/414/2 37/409/2 490/409/2 489/414/2
f 310/205/2 311/201/2 764/201/2 763/205/2
f 372/310/2 373/307/2 826/307/2 825/310/2
f 316/203/2 317/206/2 770/206/2 769/203/2
f 216/101/2 217/100/2 670/100/2 669/101/2
f 118/415/2 119/410/2 572/410/2 571/415/2
f 438/309/2 439/311/2 892/311/2 891/309/2
f 99/413/2 100/416/2 553/416/2 552/413/2
f 215/102/2 216/101/2 669/101/2 668/102/2
f 439/311/2 440/312/2 893/312/2 892/311/2
f 333/207/2 334/202/2 787/202/2 786/207/2
f 317/206/2 318/208/2 771/208/2 770/206/2
f 214/103/2 215/102/2 668/102/2 667/103/2
f 117/417/2 118/415/2 571/415/2 570/417/2
f 371/313/2 372/310/2 825/310/2 824/313/2
f 213/104/2 214/103/2 667/103/2 666/104/2
f 35/418/2 36/414/2 489/414/2 488/418/2
f 440/312/2 441/314/2 894/314/2 893/312/2
f 332/209/2 333/207/2 786/207/2 785/209/2
f 15/412/2 16/419/2 469/419/2 468/412/2
f 292/204/2 293/210/2 746/210/2 745/204/2
f 212/105/2 213/104/2 666/104/2 665/105/2
f 100/416/2 101/420/2 554/420/2 553/416/2
f 370/315/2 371/313/2 824/313/2 823/315/2
f 211/106/2 212/105/2 665/105/2 664/106/2
f 441/314/2 442/316/2 895/316/2 894/314/2
f 309/211/2 310/205/2 763/205/2 762/211/2
f 174/99/2 175/107/2 628/107/2 627/99/2
f 126/2/2 127/1/2 580/1/2 579/2/2
f 101/420/2 102/421/2 555/421/2 554/420/2
f 318/208/2 319/212/2 772/212/2 771/208/2
f 175/107/2 176/108/2 629/108/2 628/107/2
f 125/3/2 126/2/2 579/2/2 578/3/2
f 369/317/2 370/315/2 823/315/2 822/317/2
f 116/422/2 117/417/2 570/417/2 569/422/2
f 442/316/2 443/318/2 896/318/2 895/316/2
f 331/213/2 332/209/2 785/209/2 784/213/2
f 293/210/2 294/214/2 747/214/2 746/210/2
f 210/109/2 211/106/2 664/106/2 663/109/2
f 129/4/2 130/5/2 583/5/2 582/4/2
f 34/423/2 35/418/2 488/418/2 487/423/2
f 443/318/2 444/319/2 897/319/2 896/318/2
f 172/50/2 173/110/2 626/110/2 625/50/2
f 102/421/2 103/424/2 556/424/2 555/421/2
f 173/110/2 174/99/2 627/99/2 626/110/2
f 308/215/2 309/211/2 762/211/2 761/215/2
f 176/108/2 177/111/2 630/111/2 629/108/2
f 124/6/2 125/3/2 578/3/2 577/6/2
f 16/419/2 17/425/2 470/425/2 469/419/2
f 368/320/2 369/317/2 822/317/2 821/320/2
f 319/212/2 320/216/2 773/216/2 772/212/2
f 123/7/2 124/6/2 577/6/2 576/7/2
f 444/319/2 445/321/2 898/321/2 897/319/2
f 177/111/2 178/112/2 631/112/2 630/111/2
f 122/8/2 123/7/2 576/7/2 575/8/2
f 115/426/2 116/422/2 569/422/2 568/426/2
f 330/217/2 331/213/2 784/213/2 783/217/2
f 178/112/2 179/113/2 632/113/2 631/112/2
f 103/424/2 104/427/2 557/427/2 556/424/2
f 367/322/2 368/320/2 821/320/2 820/322/2
f 320/216/2 321/218/2 774/218/2 773/216/2
f 445/321/2 446/323/2 899/323/2 898/321/2
f 133/9/2 134/10/2 587/10/2 586/9/2
f 209/114/2 210/109/2 663/109/2 662/114/2
f 114/428/2 115/426/2 568/426/2 567/428/2
f 329/219/2 330/217/2 783/217/2 782/219/2
f 179/113/2 180/115/2 633/115/2 632/113/2
f 366/324/2 367/322/2 820/322/2 819/324/2
f 294/214/2 295/220/2 748/220/2 747/214/2
f 136/11/2 122/8/2 575/8/2 589/11/2
f 33/429/2 34/423/2 487/423/2 486/429/2
f 446/323/2 447/325/2 900/325/2 899/323/2
f 180/115/2 181/116/2 634/116/2 633/115/2
f 127/1/2 128/12/2 581/12/2 580/1/2
f 104/427/2 105/430/2 558/430/2 557/427/2
f 128/12/2 129/4/2 582/4/2 581/12/2
f 447/325/2 448/326/2 901/326/2 900/325/2
f 307/221/2 308/215/2 761/215/2 760/221/2
f 130/5/2 131/13/2 584/13/2 583/5/2
f 17/425/2 18/431/2 471/431/2 470/425/2
f 321/218/2 322/222/2 775/222/2 774/218/2
f 208/117/2 209/114/2 662/114/2 661/117/2
f 181/116/2 182/118/2 635/118/2 634/116/2
f 365/327/2 366/324/2 819/324/2 818/327/2
f 132/14/2 133/9/2 586/9/2 585/14/2
f 113/432/2 114/428/2 567/428/2 566/432/2
f 328/223/2 329/219/2 782/219/2 781/223/2
f 134/10/2 135/15/2 588/15/2 587/10/2
f 105/430/2 106/433/2 559/433/2 558/430/2
f 453/328/2 365/327/2 818/327/2 906/328/2
f 322/222/2 323/224/2 776/224/2 775/222/2
f 207/119/2 208/117/2 661/117/2 660/119/2
f 135/15/2 136/11/2 589/11/2 588/15/2
f 448/326/2 449/329/2 902/329/2 901/326/2
f 182/118/2 183/120/2 636/120/2 635/118/2
f 131/13/2 132/14/2 585/14/2 584/13/2
f 106/433/2 107/434/2 560/434/2 559/433/2
f 138/17/2 139/16/2 592/16/2 591/17/2
f 449/329/2 450/330/2 903/330/2 902/329/2
f 327/225/2 328/223/2 781/223/2 780/225/2
f 323/224/2 324/226/2 777/226/2 776/224/2
f 206/121/2 207/119/2 660/119/2 659/121/2
f 112/435/2 113/432/2 566/432/2 565/435/2
f 450/330/2 451/331/2 904/331/2 903/330/2
f 183/120/2 184/122/2 637/122/2 636/120/2
f 137/19/2 138/17/2 591/17/2 590/19/2
f 32/436/2 33/429/2 486/429/2 485/436/2
f 451/331/2 452/332/2 905/332/2 904/331/2
f 326/227/2 327/225/2 780/225/2 779/227/2
f 169/18/2 170/20/2 623/20/2 622/18/2
f 107/434/2 108/437/2 561/437/2 560/434/2
f 452/332/2 453/328/2 906/328/2 905/332/2
f 295/220/2 296/228/2 749/228/2 748/220/2
f 205/123/2 206/121/2 659/121/2 658/123/2
f 170/20/2 137/19/2 590/19/2 623/20/2
f 1/334/2 2/333/2 455/333/2 454/334/2
f 184/122/2 185/124/2 638/124/2 637/122/2
f 168/21/2 169/18/2 622/18/2 621/21/2
f 111/438/2 112/435/2 565/435/2 564/438/2
f 73/335/2 1/334/2 454/334/2 526/335/2
f 306/229/2 307/221/2 760/221/2 759/229/2
f 108/437/2 109/439/2 562/439/2 561/437/2
f 2/333/2 3/336/2 456/336/2 455/333/2
f 324/226/2 325/230/2 778/230/2 777/226/2
f 204/125/2 205/123/2 658/123/2 657/125/2
f 185/124/2 186/126/2 639/126/2 638/124/2
f 3/336/2 4/337/2 457/337/2 456/336/2
f 110/440/2 111/438/2 564/438/2 563/440/2
f 325/230/2 326/227/2 779/227/2 778/230/2
f 109/439/2 110/440/2 563/440/2 562/439/2
f 203/127/2 204/125/2 657/125/2 656/127/2
f 167/24/2 168/21/2 621/21/2 620/24/2
f 72/338/2 73/335/2 526/335/2 525/338/2
f 296/228/2 297/231/2 750/231/2 749/228/2
f 158/23/2 159/25/2 612/25/2 611/23/2
f 202/128/2 203/127/2 656/127/2 655/128/2
f 18/431/2 19/441/2 472/441/2 471/431/2
f 71/339/2 72/338/2 525/338/2 524/339/2
f 186/126/2 187/129/2 640/129/2 639/126/2
f 4/337/2 5/340/2 458/340/2 457/337/2
f 305/232/2 306/229/2 759/229/2 758/232/2
f 166/26/2 167/24/2 620/24/2 619/26/2
f 297/231/2 298/233/2 751/233/2 750/231/2
f 31/442/2 32/436/2 485/436/2 484/442/2
f 201/130/2 202/128/2 655/128/2 654/130/2
f 165/27/2 166/26/2 619/26/2 618/27/2
f 19/441/2 20/443/2 473/443/2 472/441/2
f 70/341/2 71/339/2 524/339/2 523/341/2
f 187/129/2 188/131/2 641/131/2 640/129/2
f 304/234/2 305/232/2 758/232/2 757/234/2
f 164/28/2 165/27/2 618/27/2 617/28/2
f 69/342/2 70/341/2 523/341/2 522/342/2
f 298/233/2 299/235/2 752/235/2 751/233/2
f 159/25/2 160/29/2 613/29/2 612/25/2
f 30/444/2 31/442/2 484/442/2 483/444/2
f 5/340/2 6/343/2 459/343/2 458/340/2
f 200/132/2 201/130/2 654/130/2 653/132/2
f 20/443/2 21/445/2 474/445/2 473/443/2
f 303/236/2 304/234/2 757/234/2 756/236/2
f 199/133/2 200/132/2 653/132/2 652/133/2
f 163/30/2 164/28/2 617/28/2 616/30/2
f 68/344/2 69/342/2 522/342/2 521/344/2
f 299/235/2 300/237/2 753/237/2 752/235/2
f 160/29/2 161/31/2 614/31/2 613/29/2
f 29/446/2 30/444/2 483/444/2 482/446/2
f 198/134/2 199/133/2 652/133/2 651/134/2
f 21/445/2 22/447/2 475/447/2 474/445/2
f 67/345/2 68/344/2 521/344/2 520/345/2
f 161/31/2 162/32/2 615/32/2 614/31/2
f 6/343/2 7/346/2 460/346/2 459/343/2
f 302/238/2 303/236/2 756/236/2 755/238/2
f 197/135/2 198/134/2 651/134/2 650/135/2
f 162/32/2 163/30/2 616/30/2 615/32/2
f 300/237/2 301/239/2 754/239/2 753/237/2
f 28/448/2 29/446/2 482/446/2 481/448/2
f 301/239/2 302/238/2 755/238/2 754/239/2
f 196/136/2 197/135/2 650/135/2 649/136/2
f 157/33/2 158/23/2 611/23/2 610/33/2
f 22/447/2 23/449/2 476/449/2 475/447/2
f 66/347/2 67/345/2 520/345/2 519/347/2
f 362/241/2 363/240/2 816/240/2 815/241/2
f 151/22/2 152/34/2 605/34/2 604/22/2
f 195/137/2 196/136/2 649/136/2 648/137/2
f 65/348/2 66/347/2 519/347/2 518/348/2
f 361/242/2 362/241/2 815/241/2 814/242/2
f 152/34/2 153/35/2 606/35/2 605/34/2
f 27/450/2 28/448/2 481/448/2 480/450/2
f 7/346/2 8/349/2 461/349/2 460/346/2
f 363/240/2 364/243/2 817/243/2 816/240/2
f 194/138/2 195/137/2 648/137/2 647/138/2
f 23/449/2 24/451/2 477/451/2 476/449/2
f 364/243/2 361/242/2 814/242/2 817/243/2
f 153/35/2 154/36/2 607/36/2 606/35/2
f 390/245/2 391/244/2 844/244/2 843/245/2
f 193/139/2 194/138/2 647/138/2 646/139/2
f 64/350/2 65/348/2 518/348/2 517/350/2
f 26/452/2 27/450/2 480/450/2 479/452/2
f 8/349/2 9/351/2 462/351/2 461/349/2
f 389/246/2 390/245/2 843/245/2 842/246/2
f 192/140/2 193/139/2 646/139/2 645/140/2
f 156/37/2 157/33/2 610/33/2 609/37/2
f 24/451/2 25/453/2 478/453/2 477/451/2
f 391/244/2 392/247/2 845/247/2 844/244/2
f 154/36/2 155/38/2 608/38/2 607/36/2
f 25/453/2 26/452/2 479/452/2 478/453/2
f 191/141/2 192/140/2 645/140/2 644/141/2
f 155/38/2 156/37/2 609/37/2 608/38/2
f 63/352/2 64/350/2 517/350/2 516/352/2
f 392/247/2 393/248/2 846/248/2 845/247/2
f 190/142/2 191/141/2 644/141/2 643/142/2
f 150/39/2 151/22/2 604/22/2 603/39/2
f 62/353/2 63/352/2 516/352/2 515/353/2
f 188/131/2 189/143/2 642/143/2 641/131/2
f 9/351/2 10/354/2 463/354/2 462/351/2
f 388/249/2 389/246/2 842/246/2 841/249/2
f 189/143/2 190/142/2 643/142/2 642/143/2
f 149/40/2 150/39/2 603/39/2 602/40/2
f 393/248/2 394/250/2 847/250/2 846/248/2
f 277/145/2 278/144/2 731/144/2 730/145/2
f 49/356/2 50/355/2 503/355/2 502/356/2
f 148/41/2 149/40/2 602/40/2 601/41/2
f 276/146/2 277/145/2 730/145/2 729/146/2
f 48/357/2 49/356/2 502/356/2 501/357/2
f 387/251/2 388/249/2 841/249/2 840/251/2
f 147/42/2 148/41/2 601/41/2 600/42/2
f 50/355/2 51/358/2 504/358/2 503/355/2
f 394/250/2 395/252/2 848/252/2 847/250/2
f 275/147/2 276/146/2 729/146/2 728/147/2
f 278/144/2 279/148/2 732/148/2 731/144/2
f 146/43/2 147/42/2 600/42/2 599/43/2
f 51/358/2 52/359/2 505/359/2 504/358/2
f 395/252/2 396/253/2 849/253/2 848/252/2
f 145/44/2 146/43/2 599/43/2 598/44/2
f 274/149/2 275/147/2 728/147/2 727/149/2
f 47/360/2 48/357/2 501/357/2 500/360/2
f 386/254/2 387/251/2 840/251/2 839/254/2
f 279/148/2 280/150/2 733/150/2 732/148/2
f 144/45/2 145/44/2 598/44/2 597/45/2
f 52/359/2 53/361/2 506/361/2 505/359/2
f 396/253/2 397/255/2 850/255/2 849/253/2
f 143/46/2 144/45/2 597/45/2 596/46/2
f 53/361/2 54/362/2 507/362/2 506/361/2
f 397/255/2 398/256/2 851/256/2 850/255/2
f 273/151/2 274/149/2 727/149/2 726/151/2
f 280/150/2 281/152/2 734/152/2 733/150/2
f 142/47/2 143/46/2 596/46/2 595/47/2
f 61/363/2 62/353/2 515/353/2 514/363/2
f 385/257/2 386/254/2 839/254/2 838/257/2
f 281/152/2 282/153/2 735/153/2 734/152/2
f 141/48/2 142/47/2 595/47/2 594/48/2
f 54/362/2 55/364/2 508/364/2 507/362/2
f 398/256/2 399/258/2 852/258/2 851/256/2
f 139/16/2 140/49/2 593/49/2 592/16/2
f 140/49/2 141/48/2 594/48/2 593/49/2
f 399/258/2 400/259/2 853/259/2 852/258/2
f 272/154/2 273/151/2 726/151/2 725/154/2
f 171/51/2 172/50/2 625/50/2 624/51/2
f 46/365/2 47/360/2 500/360/2 499/365/2
f 282/153/2 283/155/2 736/155/2 735/153/2
f 55/364/2 56/366/2 509/366/2 508/364/2
f 384/260/2 385/257/2 838/257/2 837/260/2
f 56/366/2 57/367/2 510/367/2 509/366/2
f 400/259/2 401/261/2 854/261/2 853/259/2
f 237/53/2 171/51/2 624/51/2 690/53/2
f 57/367/2 58/368/2 511/368/2 510/367/2
f 401/261/2 402/262/2 855/262/2 854/261/2
f 271/157/2 272/154/2 725/154/2 724/157/2
f 236/54/2 237/53/2 690/53/2 689/54/2
f 348/158/2 349/156/2 802/156/2 801/158/2
f 235/55/2 236/54/2 689/54/2 688/55/2
f 45/369/2 46/365/2 499/365/2 498/369/2
f 383/263/2 384/260/2 837/260/2 836/263/2
f 349/156/2 350/159/2 803/159/2 802/156/2
f 58/368/2 59/370/2 512/370/2 511/368/2
f 402/262/2 403/264/2 856/264/2 855/262/2
f 234/56/2 235/55/2 688/55/2 687/56/2
f 403/264/2 404/265/2 857/265/2 856/264/2
f 59/370/2 60/371/2 513/371/2 512/370/2
f 347/160/2 348/158/2 801/158/2 800/160/2
f 233/57/2 234/56/2 687/56/2 686/57/2
f 404/265/2 405/266/2 858/266/2 857/265/2
f 350/159/2 351/161/2 804/161/2 803/159/2
f 60/371/2 61/363/2 514/363/2 513/371/2
f 232/58/2 233/57/2 686/57/2 685/58/2
f 405/266/2 406/267/2 859/267/2 858/266/2
f 283/155/2 284/162/2 737/162/2 736/155/2
f 231/59/2 232/58/2 685/58/2 684/59/2
f 44/372/2 45/369/2 498/369/2 497/372/2
f 406/267/2 407/268/2 860/268/2 859/267/2
f 270/163/2 271/157/2 724/157/2 723/163/2
f 230/60/2 231/59/2 684/59/2 683/60/2
f 10/354/2 11/373/2 464/373/2 463/354/2
f 407/268/2 408/269/2 861/269/2 860/268/2
f 346/164/2 347/160/2 800/160/2 799/164/2
f 229/61/2 230/60/2 683/60/2 682/61/2
f 408/269/2 409/270/2 862/270/2 861/269/2
f 351/161/2 352/165/2 805/165/2 804/161/2
f 43/374/2 44/372/2 497/372/2 496/374/2
f 264/62/2 238/52/2 691/52/2 717/62/2
f 409/270/2 410/271/2 863/271/2 862/270/2
f 238/52/2 239/63/2 692/63/2 691/52/2
f 42/375/2 43/374/2 496/374/2 495/375/2
f 345/166/2 346/164/2 799/164/2 798/166/2
f 11/373/2 12/376/2 465/376/2 464/373/2
f 410/271/2 411/272/2 864/272/2 863/271/2
f 352/165/2 353/167/2 806/167/2 805/165/2
f 228/64/2 229/61/2 682/61/2 681/64/2
f 411/272/2 412/273/2 865/273/2 864/272/2
f 83/377/2 84/378/2 537/378/2 536/377/2
f 344/168/2 345/166/2 798/166/2 797/168/2
f 227/65/2 228/64/2 681/64/2 680/65/2
f 412/273/2 413/274/2 866/274/2 865/273/2
f 353/167/2 354/169/2 807/169/2 806/167/2
f 84/378/2 85/379/2 538/379/2 537/378/2
f 413/274/2 414/275/2 867/275/2 866/274/2
f 284/162/2 285/170/2 738/170/2 737/162/2
f 245/66/2 246/67/2 699/67/2 698/66/2
f 85/379/2 86/380/2 539/380/2 538/379/2
f 414/275/2 415/276/2 868/276/2 867/275/2
f 269/171/2 270/163/2 723/163/2 722/171/2
f 226/68/2 227/65/2 680/65/2 679/68/2
f 246/67/2 247/69/2 700/69/2 699/67/2
f 41/381/2 42/375/2 495/375/2 494/381/2
f 415/276/2 416/277/2 869/277/2 868/276/2
f 343/172/2 344/168/2 797/168/2 796/172/2
f 86/380/2 87/382/2 540/382/2 539/380/2
f 354/169/2 355/173/2 808/173/2 807/169/2
f 416/277/2 417/278/2 870/278/2 869/277/2
f 244/70/2 245/66/2 698/66/2 697/70/2
f 87/382/2 88/383/2 541/383/2 540/382/2
f 342/174/2 343/172/2 796/172/2 795/174/2
f 243/71/2 244/70/2 697/70/2 696/71/2
f 382/279/2 383/263/2 836/263/2 835/279/2
f 355/173/2 356/175/2 809/175/2 808/173/2
f 247/69/2 248/72/2 701/72/2 700/69/2
f 82/384/2 83/377/2 536/377/2 535/384/2
f 417/278/2 418/280/2 871/280/2 870/278/2
f 285/170/2 286/176/2 739/176/2 738/170/2
f 81/385/2 82/384/2 535/384/2 534/385/2
f 418/280/2 419/281/2 872/281/2 871/280/2
f 242/73/2 243/71/2 696/71/2 695/73/2
f 88/383/2 89/386/2 542/386/2 541/383/2
f 248/72/2 249/74/2 702/74/2 701/72/2
f 419/281/2 420/282/2 873/282/2 872/281/2
f 268/177/2 269/171/2 722/171/2 721/177/2
f 40/387/2 41/381/2 494/381/2 493/387/2
f 341/178/2 342/174/2 795/174/2 794/178/2
f 241/75/2 242/73/2 695/73/2 694/75/2
f 381/283/2 382/279/2 835/279/2 834/283/2
f 356/175/2 357/179/2 810/179/2 809/175/2
f 239/63/2 240/76/2 693/76/2 692/63/2
f 80/388/2 81/385/2 534/385/2 533/388/2
f 420/282/2 421/284/2 874/284/2 873/282/2
f 240/76/2 241/75/2 694/75/2 693/76/2
f 286/176/2 287/180/2 740/180/2 739/176/2
f 79/389/2 80/388/2 533/388/2 532/389/2
f 421/284/2 422/285/2 875/285/2 874/284/2
f 225/77/2 226/68/2 679/68/2 678/77/2
f 89/386/2 90/390/2 543/390/2 542/386/2
f 249/74/2 250/78/2 703/78/2 702/74/2
f 422/285/2 423/286/2 876/286/2 875/285/2
f 267/181/2 268/177/2 721/177/2 720/181/2
f 250/78/2 251/79/2 704/79/2 703/78/2
f 78/391/2 79/389/2 532/389/2 531/391/2
f 423/286/2 424/287/2 877/287/2 876/286/2
f 340/182/2 341/178/2 794/178/2 793/182/2
f 90/390/2 91/392/2 544/392/2 543/390/2
f 357/179/2 358/183/2 811/183/2 810/179/2
f 1033/1/2 1031/3/2 1032/2/2
f 1033/1/2 1035/4/2 1031/3/2
f 1035/4/2 1036/5/2 1031/3/2
f 1036/5/2 1030/6/2 1031/3/2
f 1030/6/2 1028/8/2 1029/7/2
f 1030/6/2 1039/9/2 1028/8/2
f 1039/9/2 1040/10/2 1028/8/2
f 1040/10/2 1042/11/2 1028/8/2
f 1033/1/2 1034/12/2 1035/4/2
f 1037/13/2 1030/6/2 1036/5/2
f 1030/6/2 1038/14/2 1039/9/2
f 1041/15/2 1042/11/2 1040/10/2
f 1037/13/2 1038/14/2 1030/6/2
f 1045/16/2 1075/18/2 1044/17/2
f 1075/18/2 1043/19/2 1044/17/2
f 1075/18/2 1076/20/2 1043/19/2
f 1045/16/2 1074/21/2 1075/18/2
f 1045/16/2 1057/22/2 1074/21/2
f 1057/22/2 1064/23/2 1074/21/2
f 1064/23/2 1073/24/2 1074/21/2
f 1064/23/2 1065/25/2 1073/24/2
f 1065/25/2 1072/26/2 1073/24/2
f 1065/25/2 1071/27/2 1072/26/2
f 1065/25/2 1070/28/2 1071/27/2
f 1065/25/1 1066/29/1 1070/28/1
f 1066/29/2 1069/30/2 1070/28/2
f 1066/29/2 1067/31/2 1069/30/2
f 1067/31/2 1068/32/2 1069/30/2
f 1057/22/2 1063/33/2 1064/23/2
f 1057/22/2 1058/34/2 1063/33/2
f 1058/34/2 1059/35/2 1063/33/2
f 1059/35/2 1060/36/2 1063/33/2
f 1060/36/2 1062/37/2 1063/33/2
f 1060/36/2 1061/38/2 1062/37/2
f 1045/16/2 1056/39/2 1057/22/2
f 1045/16/2 1055/40/2 1056/39/2
f 1045/16/2 1054/41/2 1055/40/2
f 1045/16/2 1053/42/2 1054/41/2
f 1045/16/2 1052/43/2 1053/42/2
f 1045/16/2 1051/44/2 1052/43/2
f 1045/16/2 1050/45/2 1051/44/2
f 1045/16/2 1049/46/2 1050/45/2
f 1045/16/2 1048/47/2 1049/46/2
f 1045/16/2 1047/48/2 1048/47/2
f 1045/16/2 1046/49/2 1047/48/2
f 1078/50/2 1144/52/2 1077/51/2
f 1144/52/2 1143/53/2 1077/51/2
f 1144/52/2 1142/54/2 1143/53/2
f 1144/52/2 1141/55/2 1142/54/2
f 1144/52/2 1140/56/2 1141/55/2
f 1144/52/2 1139/57/2 1140/56/2
f 1144/52/2 1138/58/2 1139/57/2
f 1144/52/2 1137/59/2 1138/58/2
f 1144/52/2 1136/60/2 1137/59/2
f 1144/52/2 1135/61/2 1136/60/2
f 1078/50/2 1170/62/2 1144/52/2
f 1145/63/2 1135/61/2 1144/52/2
f 1145/63/2 1134/64/2 1135/61/2
f 1145/63/2 1133/65/2 1134/64/2
f 1145/63/2 1151/66/2 1133/65/2
f 1151/66/2 1152/67/2 1133/65/2
f 1152/67/2 1132/68/2 1133/65/2
f 1153/69/2 1132/68/2 1152/67/2
f 1145/63/2 1150/70/2 1151/66/2
f 1145/63/2 1149/71/2 1150/70/2
f 1154/72/2 1132/68/2 1153/69/2
f 1145/63/2 1148/73/2 1149/71/2
f 1155/74/2 1132/68/2 1154/72/2
f 1145/63/2 1147/75/2 1148/73/2
f 1145/63/2 1146/76/2 1147/75/2
f 1155/74/2 1131/77/2 1132/68/2
f 1156/78/2 1131/77/2 1155/74/2
f 1157/79/2 1131/77/2 1156/78/2
f 1158/80/2 1131/77/2 1157/79/2
f 1158/80/2 1130/81/2 1131/77/2
f 1159/82/2 1130/81/2 1158/80/2
f 1159/82/2 1129/83/2 1130/81/2
f 1160/84/2 1129/83/2 1159/82/2
f 1161/85/2 1129/83/2 1160/84/2
f 1161/85/2 1128/86/2 1129/83/2
f 1162/87/2 1128/86/2 1161/85/2
f 1162/87/2 1127/88/2 1128/86/2
f 1163/89/2 1127/88/2 1162/87/2
f 1163/89/2 1126/90/2 1127/88/2
f 1164/91/2 1126/90/2 1163/89/2
f 1165/92/2 1126/90/2 1164/91/2
f 1165/92/2 1125/93/2 1126/90/2
f 1166/94/2 1125/93/2 1165/92/2
f 1167/95/2 1125/93/2 1166/94/2
f 1167/95/2 1124/96/2 1125/93/2
f 1168/97/2 1124/96/2 1167/95/2
f 1169/98/2 1124/96/2 1168/97/2
f 1078/50/2 1080/99/2 1170/62/2
f 1080/99/2 1169/98/2 1170/62/2
f 1080/99/2 1124/96/2 1169/98/2
f 1080/99/2 1123/100/2 1124/96/2
f 1080/99/2 1122/101/2 1123/100/2
f 1080/99/2 1121/102/2 1122/101/2
f 1080/99/2 1120/103/2 1121/102/2
f 1080/99/2 1119/104/2 1120/103/2
f 1080/99/2 1118/105/2 1119/104/2
f 1080/99/2 1117/106/2 1118/105/2
f 1080/99/2 1081/107/2 1117/106/2
f 1081/107/2 1082/108/2 1117/106/2
f 1082/108/2 1116/109/2 1117/106/2
f 1078/50/2 1079/110/2 1080/99/2
f 1083/111/2 1116/109/2 1082/108/2
f 1084/112/2 1116/109/2 1083/111/2
f 1085/113/2 1116/109/2 1084/112/2
f 1085/113/2 1115/114/2 1116/109/2
f 1086/115/2 1115/114/2 1085/113/2
f 1087/116/2 1115/114/2 1086/115/2
f 1087/116/2 1114/117/2 1115/114/2
f 1088/118/2 1114/117/2 1087/116/2
f 1088/118/2 1113/119/2 1114/117/2
f 1089/120/2 1113/119/2 1088/118/2
f 1089/120/2 1112/121/2 1113/119/2
f 1090/122/2 1112/121/2 1089/120/2
f 1090/122/2 1111/123/2 1112/121/2
f 1091/124/2 1111/123/2 1090/122/2
f 1091/124/2 1110/125/2 1111/123/2
f 1092/126/2 1110/125/2 1091/124/2
f 1092/126/2 1109/127/2 1110/125/2
f 1092/126/2 1108/128/2 1109/127/2
f 1093/129/2 1108/128/2 1092/126/2
f 1093/129/2 1107/130/2 1108/128/2
f 1094/131/2 1107/130/2 1093/129/2
f 1094/131/2 1106/132/2 1107/130/2
f 1094/131/2 1105/133/2 1106/132/2
f 1094/131/2 1104/134/2 1105/133/2
f 1094/131/2 1103/135/2 1104/134/2
f 1094/131/2 1102/136/2 1103/135/2
f 1094/131/2 1101/137/2 1102/136/2
f 1094/131/2 1100/138/2 1101/137/2
f 1094/131/2 1099/139/2 1100/138/2
f 1094/131/2 1098/140/2 1099/139/2
f 1094/131/2 1097/141/2 1098/140/2
f 1094/131/2 1096/142/2 1097/141/2
f 1094/131/2 1095/143/2 1096/142/2
f 1184/144/2 1182/146/2 1183/145/2
f 1184/144/2 1181/147/2 1182/146/2
f 1185/148/2 1181/147/2 1184/144/2
f 1185/148/2 1180/149/2 1181/147/2
f 1186/150/2 1180/149/2 1185/148/2
f 1186/150/2 1179/151/2 1180/149/2
f 1187/152/2 1179/151/2 1186/150/2
f 1188/153/2 1179/151/2 1187/152/2
f 1188/153/2 1178/154/2 1179/151/2
f 1189/155/2 1178/154/2 1188/153/2
f 1189/155/2 1255/156/2 1178/154/2
f 1255/156/2 1177/157/2 1178/154/2
f 1189/155/2 1254/158/2 1255/156/2
f 1256/159/2 1177/157/2 1255/156/2
f 1189/155/2 1253/160/2 1254/158/2
f 1257/161/2 1177/157/2 1256/159/2
f 1190/162/2 1253/160/2 1189/155/2
f 1257/161/2 1176/163/2 1177/157/2
f 1190/162/2 1252/164/2 1253/160/2
f 1258/165/2 1176/163/2 1257/161/2
f 1190/162/2 1251/166/2 1252/164/2
f 1259/167/2 1176/163/2 1258/165/2
f 1190/162/2 1250/168/2 1251/166/2
f 1260/169/2 1176/163/2 1259/167/2
f 1191/170/2 1250/168/2 1190/162/2
f 1260/169/2 1175/171/2 1176/163/2
f 1191/170/2 1249/172/2 1250/168/2
f 1261/173/2 1175/171/2 1260/169/2
f 1191/170/2 1248/174/2 1249/172/2
f 1262/175/2 1175/171/2 1261/173/2
f 1192/176/2 1248/174/2 1191/170/2
f 1262/175/2 1174/177/2 1175/171/2
f 1192/176/2 1247/178/2 1248/174/2
f 1263/179/2 1174/177/2 1262/175/2
f 1193/180/2 1247/178/2 1192/176/2
f 1263/179/2 1173/181/2 1174/177/2
f 1193/180/2 1246/182/2 1247/178/2
f 1264/183/2 1173/181/2 1263/179/2
f 1193/180/2 1245/184/2 1246/182/2
f 1265/185/2 1173/181/2 1264/183/2
f 1194/186/2 1245/184/2 1193/180/2
f 1265/185/2 1172/187/2 1173/181/2
f 1194/186/2 1244/188/2 1245/184/2
f 1266/189/2 1172/187/2 1265/185/2
f 1195/190/2 1244/188/2 1194/186/2
f 1266/189/2 1171/191/2 1172/187/2
f 1195/190/2 1243/192/2 1244/188/2
f 1219/193/2 1171/191/2 1266/189/2
f 1196/194/2 1243/192/2 1195/190/2
f 1196/194/2 1242/195/2 1243/192/2
f 1220/196/2 1171/191/2 1219/193/2
f 1220/196/2 1218/197/2 1171/191/2
f 1196/194/2 1241/198/2 1242/195/2
f 1221/199/2 1218/197/2 1220/196/2
f 1197/200/2 1241/198/2 1196/194/2
f 1221/199/2 1217/201/2 1218/197/2
f 1197/200/2 1240/202/2 1241/198/2
f 1222/203/2 1217/201/2 1221/199/2
f 1198/204/2 1240/202/2 1197/200/2
f 1222/203/2 1216/205/2 1217/201/2
f 1223/206/2 1216/205/2 1222/203/2
f 1198/204/2 1239/207/2 1240/202/2
f 1224/208/2 1216/205/2 1223/206/2
f 1198/204/2 1238/209/2 1239/207/2
f 1199/210/2 1238/209/2 1198/204/2
f 1224/208/2 1215/211/2 1216/205/2
f 1225/212/2 1215/211/2 1224/208/2
f 1199/210/2 1237/213/2 1238/209/2
f 1200/214/2 1237/213/2 1199/210/2
f 1225/212/2 1214/215/2 1215/211/2
f 1226/216/2 1214/215/2 1225/212/2
f 1200/214/2 1236/217/2 1237/213/2
f 1227/218/2 1214/215/2 1226/216/2
f 1200/214/2 1235/219/2 1236/217/2
f 1201/220/2 1235/219/2 1200/214/2
f 1227/218/2 1213/221/2 1214/215/2
f 1228/222/2 1213/221/2 1227/218/2
f 1201/220/2 1234/223/2 1235/219/2
f 1229/224/2 1213/221/2 1228/222/2
f 1201/220/2 1233/225/2 1234/223/2
f 1230/226/2 1213/221/2 1229/224/2
f 1201/220/2 1232/227/2 1233/225/2
f 1202/228/2 1232/227/2 1201/220/2
f 1230/226/2 1212/229/2 1213/221/2
f 1231/230/2 1212/229/2 1230/226/2
f 1202/228/2 1231/230/2 1232/227/2
f 1202/228/2 1212/229/2 1231/230/2
f 1203/231/2 1212/229/2 1202/228/2
f 1203/231/2 1211/232/2 1212/229/2
f 1204/233/2 1211/232/2 1203/231/2
f 1204/233/2 1210/234/2 1211/232/2
f 1205/235/2 1210/234/2 1204/233/2
f 1205/235/2 1209/236/2 1210/234/2
f 1206/237/2 1209/236/2 1205/235/2
f 1206/237/2 1208/238/2 1209/236/2
f 1207/239/2 1208/238/2 1206/237/2
f 1269/240/2 1267/242/2 1268/241/2
f 1269/240/2 1270/243/2 1267/242/2
f 1297/244/2 1295/246/2 1296/245/2
f 1298/247/2 1295/246/2 1297/244/2
f 1299/248/2 1295/246/2 1298/247/2
f 1299/248/2 1294/249/2 1295/246/2
f 1300/250/2 1294/249/2 1299/248/2
f 1300/250/2 1293/251/2 1294/249/2
f 1301/252/2 1293/251/2 1300/250/2
f 1302/253/2 1293/251/2 1301/252/2
f 1302/253/2 1292/254/2 1293/251/2
f 1303/255/2 1292/254/2 1302/253/2
f 1304/256/2 1292/254/2 1303/255/2
f 1304/256/2 1291/257/2 1292/254/2
f 1305/258/2 1291/257/2 1304/256/2
f 1306/259/2 1291/257/2 1305/258/2
f 1306/259/2 1290/260/2 1291/257/2
f 1307/261/2 1290/260/2 1306/259/2
f 1308/262/2 1290/260/2 1307/261/2
f 1308/262/2 1289/263/2 1290/260/2
f 1309/264/2 1310/265/2 1308/262/2
f 1310/265/2 1311/266/2 1308/262/2
f 1311/266/2 1312/267/2 1308/262/2
f 1312/267/2 1313/268/2 1308/262/2
f 1313/268/2 1314/269/2 1308/262/2
f 1314/269/2 1315/270/2 1308/262/2
f 1315/270/2 1316/271/2 1308/262/2
f 1316/271/2 1317/272/2 1308/262/2
f 1317/272/2 1318/273/2 1308/262/2
f 1318/273/2 1319/274/2 1308/262/2
f 1319/274/2 1320/275/2 1308/262/2
f 1320/275/2 1289/263/2 1308/262/2
f 1320/275/2 1321/276/2 1289/263/2
f 1321/276/2 1322/277/2 1289/263/2
f 1322/277/2 1323/278/2 1289/263/2
f 1323/278/2 1288/279/2 1289/263/2
f 1324/280/2 1288/279/2 1323/278/2
f 1325/281/2 1288/279/2 1324/280/2
f 1326/282/2 1288/279/2 1325/281/2
f 1326/282/2 1287/283/2 1288/279/2
f 1327/284/2 1287/283/2 1326/282/2
f 1328/285/2 1287/283/2 1327/284/2
f 1329/286/2 1287/283/2 1328/285/2
f 1330/287/2 1287/283/2 1329/286/2
f 1330/287/2 1286/288/2 1287/283/2
f 1331/289/2 1286/288/2 1330/287/2
f 1332/290/2 1286/288/2 1331/289/2
f 1332/290/2 1285/291/2 1286/288/2
f 1333/292/2 1285/291/2 1332/290/2
f 1334/293/2 1285/291/2 1333/292/2
f 1334/293/2 1284/294/2 1285/291/2
f 1335/295/2 1284/294/2 1334/293/2
f 1336/296/2 1284/294/2 1335/295/2
f 1336/296/2 1283/297/2 1284/294/2
f 1337/298/2 1283/297/2 1336/296/2
f 1338/299/2 1283/297/2 1337/298/2
f 1338/299/2 1282/300/2 1283/297/2
f 1339/301/2 1282/300/2 1338/299/2
f 1339/301/2 1281/302/2 1282/300/2
f 1340/303/2 1281/302/2 1339/301/2
f 1341/304/2 1281/302/2 1340/303/2
f 1341/304/2 1280/305/2 1281/302/2
f 1342/306/2 1280/305/2 1341/304/2
f 1342/306/2 1279/307/2 1280/305/2
f 1343/308/2 1279/307/2 1342/306/2
f 1344/309/2 1279/307/2 1343/308/2
f 1344/309/2 1278/310/2 1279/307/2
f 1345/311/2 1278/310/2 1344/309/2
f 1346/312/2 1278/310/2 1345/311/2
f 1346/312/2 1277/313/2 1278/310/2
f 1347/314/2 1277/313/2 1346/312/2
f 1347/314/2 1276/315/2 1277/313/2
f 1348/316/2 1276/315/2 1347/314/2
f 1348/316/2 1275/317/2 1276/315/2
f 1349/318/2 1275/317/2 1348/316/2
f 1350/319/2 1275/317/2 1349/318/2
f 1350/319/2 1274/320/2 1275/317/2
f 1351/321/2 1274/320/2 1350/319/2
f 1351/321/2 1273/322/2 1274/320/2
f 1352/323/2 1273/322/2 1351/321/2
f 1352/323/2 1272/324/2 1273/322/2
f 1353/325/2 1272/324/2 1352/323/2
f 1354/326/2 1272/324/2 1353/325/2
f 1354/326/2 1271/327/2 1272/324/2
f 1354/326/2 1359/328/2 1271/327/2
f 1355/329/2 1359/328/2 1354/326/2
f 1356/330/2 1359/328/2 1355/329/2
f 1357/331/2 1359/328/2 1356/330/2
f 1358/332/2 1359/328/2 1357/331/2
f 908/333/2 979/335/2 907/334/2
f 909/336/2 979/335/2 908/333/2
f 910/337/2 979/335/2 909/336/2
f 910/337/2 978/338/2 979/335/2
f 910/337/2 977/339/2 978/338/2
f 911/340/2 977/339/2 910/337/2
f 911/340/2 976/341/2 977/339/2
f 911/340/2 975/342/2 976/341/2
f 912/343/2 975/342/2 911/340/2
f 912/343/2 974/344/2 975/342/2
f 912/343/2 973/345/2 974/344/2
f 913/346/2 973/345/2 912/343/2
f 913/346/2 972/347/2 973/345/2
f 913/346/2 971/348/2 972/347/2
f 914/349/2 971/348/2 913/346/2
f 914/349/2 970/350/2 971/348/2
f 915/351/2 970/350/2 914/349/2
f 915/351/2 969/352/2 970/350/2
f 915/351/2 968/353/2 969/352/2
f 916/354/2 968/353/2 915/351/2
f 956/355/2 954/357/2 955/356/2
f 957/358/2 954/357/2 956/355/2
f 958/359/2 954/357/2 957/358/2
f 958/359/2 953/360/2 954/357/2
f 959/361/2 953/360/2 958/359/2
f 960/362/2 953/360/2 959/361/2
f 916/354/2 967/363/2 968/353/2
f 961/364/2 953/360/2 960/362/2
f 961/364/2 952/365/2 953/360/2
f 962/366/2 952/365/2 961/364/2
f 963/367/2 952/365/2 962/366/2
f 964/368/2 952/365/2 963/367/2
f 964/368/2 951/369/2 952/365/2
f 965/370/2 951/369/2 964/368/2
f 966/371/2 951/369/2 965/370/2
f 967/363/2 951/369/2 966/371/2
f 967/363/2 950/372/2 951/369/2
f 916/354/2 950/372/2 967/363/2
f 917/373/2 950/372/2 916/354/2
f 917/373/2 949/374/2 950/372/2
f 917/373/2 948/375/2 949/374/2
f 918/376/2 989/377/2 917/373/2
f 989/377/2 990/378/2 917/373/2
f 990/378/2 948/375/2 917/373/2
f 990/378/2 991/379/2 948/375/2
f 991/379/2 992/380/2 948/375/2
f 992/380/2 947/381/2 948/375/2
f 993/382/2 947/381/2 992/380/2
f 994/383/2 947/381/2 993/382/2
f 918/376/2 988/384/2 989/377/2
f 918/376/2 987/385/2 988/384/2
f 995/386/2 947/381/2 994/383/2
f 995/386/2 946/387/2 947/381/2
f 918/376/2 986/388/2 987/385/2
f 918/376/2 985/389/2 986/388/2
f 996/390/2 946/387/2 995/386/2
f 918/376/2 984/391/2 985/389/2
f 997/392/2 946/387/2 996/390/2
f 918/376/2 983/393/2 984/391/2
f 918/376/2 982/394/2 983/393/2
f 998/395/2 946/387/2 997/392/2
f 918/376/2 981/396/2 982/394/2
f 919/397/2 981/396/2 918/376/2
f 998/395/2 945/398/2 946/387/2
f 919/397/2 980/399/2 981/396/2
f 999/400/2 945/398/2 998/395/2
f 919/397/2 1027/401/2 980/399/2
f 1000/402/2 945/398/2 999/400/2
f 1001/403/2 945/398/2 1000/402/2
f 1001/403/2 944/404/2 945/398/2
f 919/397/2 1026/405/2 1027/401/2
f 1002/406/2 944/404/2 1001/403/2
f 920/407/2 1026/405/2 919/397/2
f 1003/408/2 944/404/2 1002/406/2
f 1003/408/2 943/409/2 944/404/2
f 920/407/2 1025/410/2 1026/405/2
f 1004/411/2 943/409/2 1003/408/2
f 921/412/2 1025/410/2 920/407/2
f 1005/413/2 943/409/2 1004/411/2
f 1005/413/2 942/414/2 943/409/2
f 921/412/2 1024/415/2 1025/410/2
f 1006/416/2 942/414/2 1005/413/2
f 921/412/2 1023/417/2 1024/415/2
f 1006/416/2 941/418/2 942/414/2
f 922/419/2 1023/417/2 921/412/2
f 1007/420/2 941/418/2 1006/416/2
f 1008/421/2 941/418/2 1007/420/2
f 922/419/2 1022/422/2 1023/417/2
f 1008/421/2 940/423/2 941/418/2
f 1009/424/2 940/423/2 1008/421/2
f 923/425/2 1022/422/2 922/419/2
f 923/425/2 1021/426/2 1022/422/2
f 1010/427/2 940/423/2 1009/424/2
f 923/425/2 1020/428/2 1021/426/2
f 1010/427/2 939/429/2 940/423/2
f 1011/430/2 939/429/2 1010/427/2
f 924/431/2 1020/428/2 923/425/2
f 924/431/2 1019/432/2 1020/428/2
f 1012/433/2 939/429/2 1011/430/2
f 1013/434/2 939/429/2 1012/433/2
f 924/431/2 1018/435/2 1019/432/2
f 1013/434/2 938/436/2 939/429/2
f 1014/437/2 938/436/2 1013/434/2
f 924/431/2 1017/438/2 1018/435/2
f 1015/439/2 938/436/2 1014/437/2
f 924/431/2 1016/440/2 1017/438/2
f 1016/440/2 938/436/2 1015/439/2
f 924/431/2 938/436/2 1016/440/2
f 925/441/2 938/436/2 924/431/2
f 925/441/2 937/442/2 938/436/2
f 926/443/2 937/442/2 925/441/2
f 926/443/2 936/444/2 937/442/2
f 927/445/2 936/444/2 926/443/2
f 927/445/2 935/446/2 936/444/2
f 928/447/2 935/446/2 927/445/2
f 928/447/2 934/448/2 935/446/2
f 929/449/2 934/448/2 928/447/2
f 929/449/2 933/450/2 934/448/2
f 930/451/2 933/450/2 929/449/2
f 930/451/2 932/452/2 933/450/2
f 931/453/2 932/452/2 930/451/2
f 503/480/406 504/1326/406 957/1327/406 956/481/406
f 847/485/407 848/1328/407 1301/1329/407 1300/486/407
f 728/1322/408 729/470/408 1182/473/408 1181/1323/408
f 731/482/409 732/604/409 1185/605/409 1184/483/409
f 599/1324/404 600/454/404 1053/457/404 1052/1325/404
f 504/1326/410 505/1318/410 958/1319/410 957/1327/410
f 528/1309/411 529/474/411 982/477/411 981/1310/411
f 848/1328/412 849/1316/412 1302/1317/412 1301/1329/412
